movie_id,customer_id,date_added
1,2,2011-10-11
1,139,2016-06-17
1,257,2010-08-29
1,404,2017-04-30
1,480,2019-12-10
1,811,2013-12-18
2,157,2020-05-12
2,222,2011-11-13
2,264,2010-03-07
2,467,2014-03-02
2,637,2011-12-31
3,111,2017-11-02
3,336,2016-11-07
3,484,2020-01-05
3,864,2017-11-16
4,203,2016-04-08
4,281,2011-07-28
5,254,2016-07-09
5,452,2015-06-22
5,1019,2020-01-16
6,21,2015-12-09
6,860,2017-12-14
6,1189,2017-05-06
7,107,2019-03-26
7,779,2017-11-25
7,1068,2015-12-16
8,815,2012-05-28
8,1055,2016-01-01
9,172,2019-09-03
9,504,2010-05-10
9,868,2010-11-16
10,133,2012-12-21
10,381,2012-01-05
11,595,2016-01-21
11,1062,2013-05-06
11,1066,2016-01-16
12,105,2020-12-15
12,278,2019-06-20
12,530,2010-11-05
12,567,2010-12-07
13,88,2012-09-20
13,405,2018-12-10
13,637,2015-05-05
14,386,2017-12-31
14,418,2014-09-20
14,1012,2013-12-10
14,1152,2017-09-20
15,81,2017-12-04
15,260,2017-02-21
15,908,2012-11-11
16,511,2015-06-04
16,609,2019-05-14
16,819,2019-09-30
17,457,2013-01-10
17,1030,2015-12-30
17,1112,2013-06-26
18,270,2010-09-25
19,276,2019-08-22
19,310,2020-06-16
19,328,2017-08-07
19,647,2013-01-25
19,805,2014-04-22
20,521,2014-12-28
20,608,2018-02-13
20,719,2018-12-27
21,659,2012-10-14
21,988,2011-12-20
22,34,2011-04-20
22,232,2016-06-28
22,671,2010-06-17
22,680,2017-04-28
23,65,2014-06-17
23,983,2014-03-03
23,1106,2012-09-26
24,54,2013-11-24
24,1008,2011-05-29
25,266,2014-04-02
25,559,2020-11-06
25,1126,2012-10-03
26,130,2019-01-03
27,468,2012-07-21
27,782,2016-04-25
28,1136,2020-08-07
29,254,2020-08-22
29,262,2010-10-13
29,426,2011-07-31
30,136,2012-02-26
30,277,2012-12-01
30,333,2010-03-08
30,803,2015-10-23
30,838,2016-08-21
30,930,2010-09-26
30,1120,2011-11-14
31,156,2013-01-04
31,324,2019-10-10
31,473,2017-05-03
31,1101,2013-02-09
31,1188,2011-01-08
32,396,2018-10-15
32,941,2015-12-25
32,974,2012-09-07
33,797,2018-09-28
33,821,2016-01-15
33,1038,2016-06-23
33,1118,2011-07-02
34,283,2019-07-09
34,552,2010-11-20
35,587,2010-09-06
36,846,2019-07-03
37,208,2016-03-06
37,258,2011-02-04
37,378,2015-01-15
37,872,2015-05-15
37,1004,2014-09-15
38,496,2018-08-30
39,104,2014-08-02
39,109,2019-02-26
39,187,2017-11-27
39,639,2015-09-22
39,982,2011-04-05
39,988,2010-03-13
40,964,2016-09-21
40,978,2011-04-13
41,28,2020-08-20
41,402,2019-04-23
41,463,2016-02-18
41,508,2020-12-20
41,1033,2020-05-11
42,99,2016-01-31
42,522,2010-02-18
42,1012,2019-05-30
43,160,2020-11-07
43,1123,2019-07-18
44,42,2015-06-29
44,350,2019-10-04
44,354,2011-02-10
44,446,2012-11-12
44,728,2010-12-05
44,769,2012-07-16
45,439,2012-12-28
45,750,2014-02-24
45,1044,2018-06-28
46,76,2013-01-16
46,170,2010-04-10
46,425,2014-05-06
46,496,2015-01-08
46,569,2016-06-09
46,769,2018-08-31
47,142,2014-06-06
47,455,2010-03-14
47,636,2015-04-19
47,804,2010-12-18
47,838,2018-04-21
47,1181,2017-04-05
48,290,2013-01-17
48,662,2015-05-09
48,1120,2013-02-19
48,1135,2013-10-13
49,155,2018-06-05
49,602,2012-06-07
49,872,2020-05-14
50,415,2012-03-26
50,622,2018-04-22
50,722,2020-04-25
50,928,2015-01-23
51,95,2011-08-18
51,452,2017-12-19
51,824,2020-04-01
51,1118,2012-08-20
51,1148,2014-06-10
52,17,2014-10-14
52,212,2010-04-10
52,618,2014-02-02
53,292,2016-10-21
53,346,2011-12-04
53,411,2012-03-03
53,541,2010-02-11
53,616,2018-12-29
53,865,2013-11-11
54,259,2013-03-04
54,384,2011-09-19
54,1167,2012-08-03
55,176,2017-05-04
55,188,2018-04-22
55,233,2012-05-11
55,298,2013-03-17
55,700,2016-09-29
55,1167,2018-05-03
56,42,2013-08-07
56,78,2018-04-18
56,537,2012-01-04
56,619,2016-05-24
57,650,2011-05-07
57,884,2014-05-11
57,920,2018-02-25
58,366,2014-02-20
58,743,2017-10-31
58,1131,2014-09-15
59,197,2015-01-26
59,383,2017-04-20
59,431,2020-10-09
59,648,2011-10-03
59,726,2020-01-17
59,1096,2019-12-28
59,1178,2019-07-22
60,19,2020-05-18
60,149,2010-03-27
60,188,2015-08-24
60,854,2013-05-11
60,967,2014-02-23
60,1114,2012-04-17
61,631,2014-05-06
61,686,2016-11-29
62,998,2011-05-09
62,1036,2012-03-10
63,207,2012-07-29
63,470,2010-12-06
63,655,2018-08-14
63,658,2016-05-15
64,968,2014-09-23
65,485,2017-11-28
65,501,2012-07-14
65,864,2010-06-08
66,93,2017-04-23
66,140,2017-02-03
66,237,2013-10-26
66,806,2016-12-12
66,899,2012-02-03
67,147,2011-09-24
67,579,2018-12-17
68,131,2019-06-24
68,657,2014-11-19
68,907,2017-03-06
68,981,2010-03-25
69,764,2011-11-22
69,1151,2015-01-25
70,82,2019-12-24
70,259,2020-02-22
70,1051,2019-09-05
71,49,2019-08-01
71,81,2014-01-20
71,183,2017-08-16
71,510,2011-01-05
71,880,2011-04-03
71,958,2019-07-09
72,405,2010-01-18
72,641,2017-06-03
72,916,2012-09-11
72,1172,2013-05-13
73,352,2020-11-26
74,264,2011-01-11
74,476,2012-07-28
74,500,2011-10-14
74,735,2013-01-06
74,1024,2012-07-08
75,149,2011-09-05
75,481,2017-10-13
75,486,2012-01-31
75,618,2020-03-31
76,228,2014-11-17
76,351,2016-07-17
76,865,2016-03-08
77,384,2016-05-04
77,520,2011-05-23
77,766,2015-01-04
78,166,2012-09-20
78,424,2018-09-17
78,1062,2018-04-06
78,1112,2015-03-29
80,141,2012-02-16
80,245,2019-12-09
80,629,2016-08-24
81,44,2013-09-06
81,62,2013-02-19
81,120,2013-04-10
81,121,2017-06-30
81,212,2020-12-01
81,213,2013-02-15
81,562,2019-06-14
81,747,2020-01-12
81,871,2011-01-30
81,1125,2019-04-07
82,170,2011-10-31
82,983,2011-08-29
82,1155,2012-07-18
83,261,2012-11-13
83,404,2018-05-06
83,750,2020-02-12
84,561,2011-10-22
85,15,2018-10-08
85,572,2010-05-08
85,711,2017-02-02
85,1111,2015-10-08
86,39,2010-03-09
86,778,2018-02-21
87,119,2012-07-28
87,130,2011-12-25
87,587,2013-05-14
87,683,2010-11-06
87,817,2010-01-13
88,64,2016-01-18
88,95,2011-02-13
88,274,2014-02-25
88,694,2016-06-01
88,913,2016-11-04
88,1042,2020-03-22
89,314,2010-01-01
89,321,2010-04-17
89,1115,2013-12-21
90,1197,2011-11-03
91,295,2011-02-07
91,495,2018-05-02
91,837,2014-09-22
91,838,2018-07-18
92,448,2020-02-07
92,793,2014-05-05
92,967,2014-03-09
92,975,2010-07-06
92,1136,2016-12-17
93,180,2017-02-10
93,994,2020-12-11
94,533,2019-10-22
94,722,2013-09-08
94,883,2018-03-31
95,399,2015-02-12
95,463,2019-02-10
95,876,2018-07-22
96,221,2012-07-25
96,387,2010-12-29
96,511,2013-11-30
96,629,2011-03-02
96,831,2015-02-09
97,134,2014-03-24
97,219,2016-05-01
97,442,2020-09-09
97,844,2015-03-22
97,1038,2012-10-08
97,1043,2012-03-21
97,1118,2020-07-04
98,382,2010-03-26
98,684,2014-06-16
99,107,2018-11-08
99,571,2017-01-21
99,827,2013-04-14
99,951,2019-01-11
100,284,2011-11-09
100,297,2012-09-22
100,518,2017-12-12
100,771,2012-03-01
100,952,2012-01-23
101,344,2011-11-13
101,680,2011-03-30
101,689,2016-03-14
101,690,2012-07-31
101,1138,2011-05-05
102,483,2013-07-05
102,932,2013-06-11
102,1055,2013-08-23
103,56,2012-11-24
103,118,2013-01-29
103,307,2018-06-03
103,351,2014-04-29
103,992,2016-11-06
104,967,2018-11-08
105,73,2012-05-07
105,140,2015-08-30
105,427,2012-02-24
105,1064,2017-03-03
106,678,2016-07-01
107,381,2014-09-04
107,516,2011-11-21
107,545,2014-11-05
108,274,2019-01-26
108,536,2010-07-25
108,1069,2011-07-03
108,1183,2013-10-13
109,984,2011-12-08
109,1067,2017-06-18
111,697,2014-03-11
111,1001,2018-07-04
112,143,2014-05-28
112,548,2017-08-09
112,826,2016-02-15
113,7,2014-12-04
113,198,2011-03-18
113,848,2018-02-23
113,1183,2016-11-13
114,689,2014-04-24
115,714,2020-03-10
115,841,2012-09-20
115,941,2015-11-11
116,440,2018-10-02
116,980,2011-09-06
116,1126,2013-02-15
117,135,2010-02-10
117,532,2015-05-21
117,808,2020-10-11
117,1149,2017-12-03
117,1159,2015-03-20
118,679,2020-05-04
118,937,2010-01-19
119,40,2018-09-03
119,173,2018-10-12
119,759,2016-05-07
119,911,2014-09-22
121,58,2015-05-30
121,943,2011-04-02
121,1075,2010-12-08
122,1067,2020-07-03
123,255,2014-10-26
123,400,2014-09-23
123,506,2020-07-03
124,987,2010-12-01
124,1104,2012-08-25
125,74,2016-02-18
125,472,2019-11-11
125,608,2011-05-12
125,816,2019-03-19
125,1119,2015-05-11
126,568,2015-01-20
126,698,2014-04-22
126,951,2020-04-27
127,912,2015-10-17
127,924,2019-10-24
127,1010,2018-05-02
127,1150,2011-06-03
128,681,2019-06-25
128,712,2011-12-05
128,748,2015-10-23
128,1042,2011-03-08
129,7,2014-01-31
129,20,2010-06-15
129,1058,2020-08-26
130,145,2012-07-09
130,507,2012-01-07
130,632,2012-12-05
131,426,2019-09-18
131,478,2012-11-01
132,450,2018-12-26
132,1104,2011-06-24
133,135,2011-09-01
133,421,2020-05-24
133,873,2019-02-05
133,973,2010-05-26
133,1012,2013-05-22
133,1024,2020-05-05
133,1120,2016-01-17
133,1127,2014-01-03
134,155,2012-07-16
134,541,2011-02-19
134,748,2017-05-16
134,915,2018-04-16
136,993,2012-03-24
137,348,2012-11-09
137,916,2014-03-25
138,14,2013-05-25
138,216,2016-06-02
138,349,2017-12-07
138,963,2014-06-03
138,999,2016-09-26
139,26,2011-01-23
139,561,2013-02-13
139,954,2017-10-10
140,12,2018-07-14
140,297,2019-11-23
140,310,2017-02-25
140,385,2019-09-21
140,791,2011-08-09
141,144,2016-07-08
141,416,2016-09-22
141,712,2010-09-12
142,276,2014-12-08
142,320,2017-02-26
142,801,2016-01-04
143,22,2011-06-23
143,204,2020-12-26
143,370,2017-04-02
143,421,2015-03-17
143,1060,2014-04-20
143,1138,2010-11-10
144,39,2019-11-29
144,531,2016-08-08
144,962,2016-12-06
144,992,2018-12-13
145,178,2016-04-23
145,343,2019-12-02
145,634,2011-07-03
146,46,2018-06-20
146,905,2013-05-28
147,370,2010-06-16
147,584,2011-07-07
147,619,2019-02-03
148,80,2015-12-01
148,425,2017-03-30
148,564,2018-09-15
148,870,2016-08-29
148,883,2014-05-30
148,1101,2020-06-15
149,83,2012-11-06
149,326,2012-05-06
149,375,2018-02-03
149,618,2010-08-08
150,14,2014-03-26
150,110,2010-06-25
150,300,2018-05-12
150,649,2012-11-14
150,789,2011-01-19
151,166,2017-04-04
151,528,2012-10-06
151,536,2017-10-23
151,566,2011-08-29
151,597,2012-07-18
151,769,2018-04-20
151,1067,2019-07-13
152,362,2020-11-10
152,726,2017-12-24
153,308,2010-05-07
153,323,2019-10-12
153,513,2020-01-06
153,604,2019-11-24
153,670,2010-04-01
153,908,2014-03-04
153,1143,2015-11-16
154,154,2015-05-06
154,313,2016-09-13
154,464,2017-09-01
154,522,2011-11-17
154,788,2017-06-09
154,1119,2020-07-03
154,1199,2010-02-15
155,450,2015-02-15
155,711,2015-02-03
156,135,2018-05-04
156,528,2013-05-03
156,626,2018-12-30
156,908,2015-08-01
156,1148,2011-06-27
157,109,2014-01-18
157,370,2019-09-10
157,486,2020-06-14
157,633,2017-10-23
157,807,2016-04-06
157,834,2018-10-24
157,848,2020-08-20
159,237,2020-04-26
159,435,2011-09-26
159,610,2016-10-22
159,934,2011-03-02
159,1130,2012-10-17
160,565,2019-01-03
160,568,2012-02-25
161,198,2012-06-01
161,663,2014-04-08
161,818,2013-08-14
162,107,2019-03-20
162,611,2014-11-08
162,1140,2016-08-11
164,933,2015-06-14
165,119,2013-09-25
165,193,2010-08-04
165,279,2011-09-13
165,345,2014-09-16
165,454,2020-07-13
165,711,2014-09-27
165,789,2012-07-01
165,915,2012-06-28
166,243,2010-09-21
166,425,2011-01-11
166,834,2016-07-09
166,990,2017-02-19
167,383,2020-05-12
167,456,2016-12-06
167,555,2013-06-28
167,1033,2013-06-21
168,110,2015-11-15
168,429,2019-08-10
169,74,2014-08-14
169,264,2017-08-09
169,756,2016-05-23
169,851,2011-01-13
170,25,2012-12-14
170,262,2012-03-26
171,739,2019-02-07
171,767,2011-07-10
171,1093,2018-03-07
172,795,2016-07-30
172,998,2010-11-29
173,381,2017-10-04
174,99,2019-09-02
174,111,2015-10-28
174,644,2010-11-23
176,271,2014-06-29
176,415,2019-03-08
176,572,2020-03-08
176,897,2017-05-05
176,1192,2014-10-03
177,59,2019-02-13
177,454,2014-10-04
177,498,2012-08-01
177,946,2015-01-17
178,302,2013-11-21
178,1064,2010-12-27
178,1139,2015-07-23
179,19,2011-03-06
179,348,2011-09-27
179,583,2015-01-20
179,648,2017-08-26
179,895,2011-02-10
181,468,2018-05-02
181,722,2016-12-25
182,490,2017-08-04
182,587,2017-03-02
182,729,2011-05-24
182,742,2010-04-19
183,66,2014-04-15
183,1157,2013-05-18
184,962,2017-05-03
184,1131,2010-04-27
185,168,2018-08-13
185,503,2020-05-11
185,560,2013-05-27
185,985,2020-02-07
186,47,2018-12-18
186,139,2020-07-28
186,332,2012-04-07
186,1052,2013-11-06
186,1084,2016-02-15
187,600,2018-07-08
189,193,2013-05-26
189,272,2016-04-22
189,421,2019-02-08
191,310,2014-01-22
191,440,2010-09-25
191,647,2020-01-23
191,854,2014-06-19
191,982,2011-06-05
192,429,2016-03-19
192,654,2012-09-10
192,751,2020-08-27
192,768,2020-12-01
193,617,2010-01-15
193,644,2013-02-07
193,948,2019-11-25
194,407,2017-07-09
194,704,2011-08-02
194,1067,2019-05-08
194,1166,2012-02-25
195,276,2019-04-21
195,396,2019-08-05
195,471,2011-12-15
195,758,2010-07-21
196,150,2011-01-06
196,659,2020-11-10
196,740,2020-02-17
197,670,2015-11-26
197,771,2014-01-10
197,936,2016-11-24
198,536,2011-05-08
198,809,2010-05-14
198,834,2017-08-12
198,887,2013-08-15
199,74,2012-01-16
199,350,2016-07-10
199,882,2011-10-23
200,577,2020-02-03
200,665,2017-04-18
200,995,2012-09-15
201,159,2010-02-19
201,339,2017-06-22
201,368,2010-03-15
201,397,2012-04-26
202,835,2012-12-12
203,212,2016-11-15
203,387,2011-05-21
203,897,2010-01-20
203,928,2013-09-21
203,1189,2011-05-13
204,761,2019-12-19
204,887,2017-04-29
204,984,2020-01-06
204,1076,2020-01-16
204,1162,2010-12-16
205,364,2020-01-07
206,71,2017-05-28
206,940,2013-11-28
206,1040,2010-08-06
207,153,2010-05-07
207,644,2012-03-28
207,1019,2017-03-13
207,1153,2010-04-28
208,215,2014-10-23
208,706,2010-11-06
209,49,2012-09-27
209,95,2013-11-08
209,623,2018-06-27
211,407,2019-10-09
211,421,2018-02-11
211,1192,2013-07-28
212,315,2010-02-24
212,522,2016-01-29
212,900,2017-10-29
213,198,2013-02-22
213,205,2010-06-01
213,228,2013-04-02
213,292,2013-10-04
213,950,2016-12-24
214,748,2016-10-22
214,768,2014-04-17
214,797,2012-09-03
214,1158,2014-02-08
215,1130,2012-08-04
215,1177,2016-01-29
216,1,2015-01-13
216,196,2020-05-12
216,378,2016-06-13
216,726,2014-11-14
216,801,2011-09-10
216,932,2011-03-29
216,1006,2015-03-27
216,1133,2018-07-24
217,67,2014-08-24
217,517,2015-05-26
217,1167,2010-07-18
218,901,2020-01-11
219,564,2016-06-21
219,715,2019-09-26
219,1103,2019-04-27
219,1190,2013-12-26
220,365,2019-09-12
221,160,2014-02-04
221,191,2010-10-27
221,514,2018-08-28
221,520,2010-04-13
221,526,2018-12-09
221,969,2016-06-10
221,1029,2013-10-28
222,1151,2016-08-30
223,465,2019-12-21
223,557,2013-02-28
223,702,2017-02-27
223,752,2018-04-23
223,1143,2020-08-26
224,649,2012-01-17
224,900,2017-01-24
224,1047,2010-11-05
225,969,2016-08-15
225,1047,2017-08-10
225,1055,2017-10-05
225,1142,2018-03-06
226,386,2016-12-28
226,488,2014-11-22
227,214,2018-06-26
227,238,2011-07-11
227,370,2010-04-12
227,679,2012-04-17
227,685,2014-07-08
228,545,2017-04-19
228,853,2019-06-06
228,926,2016-04-05
228,966,2018-06-11
228,1041,2014-08-11
229,47,2014-05-16
229,268,2020-05-18
230,177,2013-07-01
230,203,2017-11-01
231,114,2014-11-17
231,295,2010-04-24
231,499,2013-12-29
231,523,2018-01-19
231,661,2010-03-28
231,761,2019-11-05
231,930,2020-02-14
231,1147,2018-05-18
232,28,2013-10-13
232,420,2019-06-10
232,577,2014-11-24
233,39,2012-07-23
233,461,2012-03-18
233,531,2019-01-28
233,753,2010-07-03
233,1146,2012-03-02
233,1176,2014-02-26
234,149,2019-07-09
234,355,2013-08-04
234,391,2016-12-27
234,818,2020-04-04
235,28,2013-11-12
235,31,2017-01-30
235,212,2020-03-26
235,236,2020-06-18
235,357,2017-08-29
235,388,2012-03-06
236,44,2020-06-29
236,192,2014-08-12
236,441,2011-12-26
236,1199,2020-06-20
237,574,2010-03-09
238,176,2010-01-18
238,731,2014-08-09
238,827,2011-05-26
239,89,2019-01-14
239,207,2011-03-01
239,515,2017-07-16
239,566,2014-12-24
239,977,2010-05-01
239,1014,2014-10-17
240,206,2014-03-15
240,681,2016-09-19
240,863,2019-01-25
240,997,2011-12-10
240,1030,2017-06-25
240,1192,2012-10-17
240,1196,2010-12-17
241,281,2019-01-18
241,1193,2016-02-21
242,277,2016-01-29
242,404,2011-02-06
242,777,2012-08-27
243,947,2017-02-17
243,1036,2020-11-09
243,1152,2013-04-03
244,1133,2013-04-24
245,276,2016-12-12
245,375,2020-11-18
245,546,2013-12-28
245,906,2013-08-04
246,933,2016-02-08
248,436,2012-09-28
248,705,2020-01-30
248,978,2020-11-24
248,1056,2020-07-27
249,371,2020-02-09
249,442,2016-07-29
249,977,2012-08-13
249,988,2017-06-24
250,487,2020-07-07
250,868,2010-12-08
250,874,2020-01-16
251,795,2017-10-19
251,1073,2020-11-12
251,1186,2013-07-08
252,277,2018-05-09
252,968,2016-06-12
252,1000,2013-10-14
252,1198,2018-05-24
253,25,2015-04-07
253,139,2019-08-07
253,567,2011-06-07
254,344,2019-12-17
254,374,2018-02-28
254,770,2014-11-25
254,792,2019-11-17
254,1031,2018-03-13
255,877,2019-08-05
255,1076,2020-02-22
256,235,2018-02-12
257,309,2012-04-18
257,505,2013-07-05
257,642,2020-01-31
257,824,2019-04-16
257,1168,2013-02-17
258,589,2014-04-13
258,664,2017-06-12
259,322,2012-08-15
259,543,2020-05-28
259,648,2013-07-25
259,746,2018-06-24
259,753,2011-03-07
260,622,2020-04-14
261,86,2014-08-22
261,577,2018-12-13
262,369,2020-09-25
262,579,2014-10-27
262,598,2015-03-11
262,1120,2014-03-27
263,98,2019-01-05
263,128,2014-12-04
263,354,2010-12-05
263,968,2011-09-13
264,282,2016-01-30
264,312,2019-04-23
265,668,2014-10-21
265,865,2011-02-12
266,318,2012-04-14
266,786,2011-07-01
267,591,2010-01-08
267,694,2020-03-31
267,849,2011-04-15
268,283,2012-03-21
269,141,2015-02-19
269,275,2020-06-30
269,280,2014-05-03
269,410,2013-12-21
269,448,2012-09-03
269,859,2017-04-02
270,579,2017-10-08
270,613,2020-05-04
271,1193,2014-09-14
272,263,2014-11-12
272,664,2017-04-04
272,1062,2010-08-01
273,99,2012-12-21
274,60,2016-04-30
274,70,2019-12-20
274,434,2020-12-23
274,873,2013-01-23
275,666,2018-05-03
276,489,2011-02-11
276,791,2013-02-24
276,1150,2016-09-22
277,217,2015-11-29
277,415,2020-03-09
277,518,2017-12-08
277,714,2016-01-02
278,310,2012-07-10
278,757,2018-12-05
278,1093,2017-10-25
278,1098,2010-07-17
279,156,2011-11-04
279,213,2013-02-12
279,378,2010-06-08
279,486,2018-09-25
279,804,2010-07-02
280,27,2020-10-28
280,60,2013-07-25
280,718,2010-08-12
280,725,2010-10-16
280,761,2020-08-20
280,980,2013-09-23
280,1080,2017-07-01
281,14,2013-05-19
281,117,2011-08-20
281,658,2010-05-25
282,959,2012-01-12
283,466,2010-09-02
283,700,2015-12-05
283,927,2015-11-21
283,1104,2013-07-11
284,334,2011-10-04
284,503,2010-09-30
284,736,2012-08-19
284,918,2018-10-08
284,1167,2015-06-04
284,1169,2014-07-17
285,139,2016-05-16
285,271,2018-03-07
285,809,2016-12-12
286,92,2020-05-25
286,793,2012-01-18
286,1093,2019-11-16
287,1095,2011-03-28
288,208,2010-12-20
288,628,2019-12-01
288,647,2011-09-09
289,59,2014-10-23
289,68,2010-08-20
289,442,2015-07-06
290,9,2020-12-05
290,1093,2018-10-10
291,57,2019-01-21
292,866,2020-11-18
292,1017,2016-08-27
292,1162,2017-01-19
293,686,2014-10-26
293,719,2019-12-25
293,1172,2020-06-19
294,299,2018-05-27
295,621,2011-02-17
295,721,2012-05-02
295,793,2016-04-10
296,154,2020-03-22
296,301,2012-10-18
296,366,2013-03-05
296,642,2017-01-06
296,774,2015-05-19
296,893,2014-04-04
298,165,2017-12-19
298,203,2012-10-04
298,513,2015-05-23
298,764,2015-07-23
298,860,2020-01-04
298,869,2016-02-13
298,945,2013-12-31
298,1039,2013-12-21
299,61,2010-09-10
299,469,2018-11-23
299,898,2010-02-05
299,1092,2013-04-06
300,72,2011-05-29
300,562,2016-01-26
300,630,2013-09-10
301,418,2016-09-12
301,498,2016-03-31
301,665,2018-06-09
302,293,2017-11-03
302,331,2014-01-24
302,415,2019-03-24
302,418,2017-11-09
302,727,2013-07-10
302,749,2019-05-27
303,463,2011-08-10
304,14,2014-06-27
304,53,2014-03-20
304,337,2016-08-10
304,455,2019-01-26
304,508,2010-07-25
304,685,2018-05-28
304,899,2013-07-01
305,494,2015-12-10
305,1152,2020-12-17
306,529,2011-10-07
306,959,2013-11-26
307,118,2016-07-30
307,211,2018-07-04
307,853,2017-12-25
308,316,2019-02-01
309,56,2015-09-19
309,140,2020-10-31
309,322,2016-09-11
309,500,2013-05-26
309,657,2011-10-02
310,155,2019-12-02
310,423,2015-12-28
310,855,2011-02-10
311,652,2012-04-08
311,984,2016-07-22
312,763,2011-09-28
313,752,2011-12-08
313,1164,2011-02-23
314,765,2011-04-23
314,1113,2011-02-08
315,673,2017-10-15
315,960,2017-12-28
315,1001,2016-05-26
315,1036,2013-03-28
315,1075,2015-01-20
315,1120,2013-01-17
316,621,2012-07-13
317,208,2017-05-21
317,871,2012-07-24
318,264,2020-02-10
318,411,2016-09-04
318,1024,2012-10-06
318,1041,2011-04-13
319,89,2017-02-10
319,99,2016-02-22
319,176,2011-01-16
319,665,2010-07-13
320,359,2015-12-19
320,572,2016-06-21
320,594,2014-04-06
321,675,2018-06-01
321,1072,2010-05-22
322,711,2018-11-02
322,804,2017-08-24
323,288,2018-05-13
323,790,2014-12-09
323,966,2011-05-01
324,586,2019-04-28
325,103,2018-03-04
325,237,2015-09-09
325,394,2012-09-08
325,708,2010-11-16
325,871,2018-02-19
325,886,2011-07-19
326,267,2016-01-13
326,292,2017-07-18
326,778,2014-04-13
327,276,2014-03-28
327,642,2010-07-04
327,960,2013-09-12
328,175,2013-09-13
328,744,2016-07-27
329,940,2013-11-28
329,950,2015-09-29
329,981,2010-09-29
330,123,2012-12-19
330,657,2013-09-19
330,752,2019-08-19
330,869,2019-11-20
331,85,2017-10-18
331,281,2013-10-11
331,301,2013-05-16
331,826,2018-03-01
332,888,2012-05-19
333,191,2019-11-12
333,258,2014-04-05
333,1075,2020-11-07
334,228,2014-12-15
334,720,2016-04-04
334,1019,2012-11-20
334,1072,2010-06-19
334,1193,2011-10-22
335,325,2012-09-03
335,932,2016-09-08
336,192,2010-11-30
336,363,2016-01-22
336,583,2010-04-27
336,647,2017-04-21
336,956,2016-04-26
337,87,2015-12-18
337,502,2010-06-16
337,611,2016-11-14
337,1047,2015-07-30
338,643,2019-01-02
339,363,2019-08-27
339,1092,2015-07-02
340,66,2017-12-23
340,263,2017-10-26
340,471,2012-01-18
340,678,2012-08-28
341,38,2011-03-23
341,119,2012-07-16
341,411,2012-11-28
341,1143,2018-08-22
341,1184,2014-12-15
342,505,2016-09-03
343,1107,2018-11-04
344,442,2018-04-29
344,1011,2016-11-12
345,161,2020-08-01
345,628,2015-10-06
345,846,2016-06-13
345,1119,2015-08-15
346,706,2020-07-03
346,743,2020-10-16
347,272,2017-10-18
347,572,2010-03-29
347,1196,2018-05-12
348,436,2011-09-16
348,638,2010-02-26
348,757,2018-09-16
349,1198,2018-08-06
350,173,2014-02-05
350,330,2016-10-29
350,731,2014-06-16
350,990,2010-06-30
351,272,2012-09-18
351,539,2014-08-15
351,792,2010-03-27
352,41,2016-07-24
352,335,2010-07-10
352,591,2016-11-04
352,623,2013-10-03
352,1150,2015-03-09
352,1189,2010-05-20
353,241,2012-11-16
353,779,2017-03-18
353,1061,2018-06-17
354,102,2020-05-15
354,328,2010-09-14
354,1182,2019-10-09
354,1196,2019-08-22
355,128,2016-04-26
355,150,2015-10-22
355,219,2020-05-20
355,812,2016-12-15
355,819,2015-05-20
355,1064,2013-12-26
356,68,2017-10-07
356,83,2018-05-02
356,176,2016-01-04
356,602,2019-10-09
356,1003,2010-05-22
357,391,2017-10-13
357,952,2012-04-14
357,1076,2015-12-03
358,129,2014-10-04
358,775,2015-04-06
358,861,2017-05-09
358,1199,2019-12-03
359,57,2011-08-22
359,74,2010-08-31
359,306,2010-02-21
360,438,2013-12-27
360,722,2014-06-14
360,931,2013-07-16
361,514,2010-11-04
361,636,2013-03-08
362,82,2016-01-20
362,999,2012-10-12
363,40,2010-06-26
363,340,2020-06-02
363,733,2015-02-13
363,903,2018-04-14
364,3,2010-06-15
364,322,2015-04-11
364,586,2017-10-21
364,1056,2020-03-10
365,239,2012-04-01
365,784,2020-04-25
366,90,2020-05-29
366,313,2019-05-13
366,635,2017-09-03
366,1082,2013-04-05
366,1190,2019-09-14
367,1124,2020-07-29
368,35,2015-03-03
368,82,2015-10-02
368,672,2016-06-08
368,989,2013-07-04
368,991,2020-09-15
369,509,2018-04-03
369,726,2012-10-03
370,363,2012-07-07
370,662,2016-08-08
370,717,2011-03-14
370,773,2019-04-19
370,795,2017-08-28
370,1168,2010-12-14
371,77,2011-07-25
371,740,2010-01-20
372,185,2017-06-03
372,798,2018-05-31
373,61,2015-03-07
373,317,2015-07-10
373,522,2014-05-11
374,209,2010-03-15
374,213,2014-08-18
374,788,2013-10-01
374,1040,2018-06-27
375,1089,2013-10-06
376,40,2016-12-02
376,224,2012-06-17
376,462,2012-10-21
376,816,2015-10-19
377,622,2013-05-05
377,830,2018-04-25
377,1091,2016-09-18
378,64,2014-07-05
378,163,2017-04-20
378,362,2012-04-07
378,635,2011-04-21
379,195,2010-03-01
379,228,2019-07-21
379,469,2016-11-10
379,731,2010-09-27
380,130,2019-03-21
380,173,2010-01-07
380,656,2010-01-21
380,950,2016-02-11
380,1145,2014-11-22
381,247,2014-11-23
381,411,2020-05-07
381,1105,2016-09-26
382,341,2013-09-06
382,611,2015-03-23
382,805,2018-02-27
382,900,2013-10-12
383,182,2014-11-10
383,741,2011-03-18
384,10,2014-01-12
384,70,2013-11-17
384,465,2017-05-08
384,640,2014-02-26
384,909,2016-02-11
385,135,2013-02-09
385,548,2017-05-29
385,1107,2011-09-13
385,1124,2019-04-17
386,334,2010-08-04
386,631,2019-02-15
386,673,2014-03-27
386,1152,2010-04-25
388,1081,2019-05-29
388,1160,2015-04-13
388,1197,2011-05-21
389,776,2020-09-23
389,1165,2011-01-20
390,648,2013-06-14
390,830,2020-04-05
391,391,2020-09-12
391,917,2015-10-04
392,379,2013-11-24
393,51,2014-07-17
393,869,2016-04-16
394,686,2013-04-13
394,784,2011-04-09
394,840,2014-06-01
394,1103,2020-07-31
395,560,2019-05-19
395,611,2014-03-29
395,1068,2012-10-18
395,1143,2014-04-24
396,98,2013-01-11
396,223,2010-01-10
396,743,2014-12-11
396,903,2011-09-20
397,72,2015-05-26
397,746,2017-11-02
397,863,2019-01-22
398,10,2014-03-20
398,88,2019-10-07
399,205,2010-07-24
399,865,2014-03-18
399,956,2010-12-03
401,447,2016-01-22
402,388,2015-07-15
402,434,2011-08-02
402,995,2015-12-31
403,1046,2014-10-03
403,1167,2014-01-30
404,345,2018-03-24
404,347,2020-11-03
404,534,2017-03-19
404,1113,2020-04-25
405,1005,2018-11-12
406,959,2016-11-24
407,16,2018-10-29
407,123,2015-08-09
407,171,2011-03-08
407,657,2013-01-01
407,719,2016-11-02
407,960,2013-09-09
407,1000,2010-01-29
408,930,2013-03-29
408,1010,2015-03-09
409,784,2016-08-13
410,52,2011-08-23
410,86,2017-07-13
410,916,2013-06-20
411,245,2011-12-23
411,279,2014-01-11
411,402,2019-11-06
411,480,2019-03-21
411,668,2017-10-16
411,825,2017-08-24
411,1071,2010-04-28
412,199,2016-10-24
412,495,2011-09-17
412,904,2015-04-07
412,1047,2014-10-13
413,295,2015-10-05
413,493,2018-06-15
413,884,2018-10-19
413,1012,2011-08-05
413,1014,2017-11-20
414,119,2015-11-09
414,339,2019-12-26
414,718,2019-06-22
414,937,2020-09-13
414,960,2015-11-03
414,1183,2013-11-02
415,271,2017-12-11
415,460,2019-09-10
415,750,2018-06-06
415,943,2017-09-09
416,144,2019-10-21
416,166,2019-12-19
416,253,2011-09-15
416,859,2013-02-25
417,762,2020-05-05
418,368,2017-02-18
418,499,2015-09-22
418,588,2017-12-25
418,628,2014-08-20
418,800,2011-04-22
418,945,2014-03-17
419,717,2015-06-16
420,63,2014-05-13
420,86,2015-07-03
420,213,2013-03-06
421,65,2012-10-21
421,139,2018-10-30
421,499,2010-04-09
421,546,2018-01-24
422,15,2010-08-09
422,953,2014-07-19
422,1124,2016-08-23
423,165,2015-07-23
423,167,2020-06-13
423,173,2019-01-12
423,304,2017-01-08
423,785,2019-12-25
423,820,2015-06-05
423,952,2010-03-28
423,1082,2020-07-05
424,5,2020-12-23
424,9,2010-03-27
424,168,2012-09-22
424,453,2018-06-21
424,515,2020-11-24
424,696,2013-11-17
424,1189,2012-03-09
425,265,2010-04-17
425,442,2015-11-11
426,522,2011-05-25
426,889,2020-09-08
427,114,2014-04-05
427,1015,2012-05-31
428,696,2020-11-04
428,796,2013-10-20
429,109,2015-01-01
429,314,2013-02-12
429,329,2011-09-02
429,703,2015-06-07
429,793,2013-04-12
429,819,2014-02-02
429,878,2013-12-17
430,23,2018-03-22
430,819,2014-06-14
430,998,2011-07-07
431,287,2014-08-05
431,489,2018-01-01
431,858,2016-03-17
431,1036,2017-04-17
432,209,2016-09-10
432,236,2018-01-30
432,248,2013-07-19
432,965,2017-08-13
433,84,2015-08-05
433,124,2020-03-06
433,188,2016-05-28
433,355,2010-04-11
433,1124,2012-11-27
434,220,2017-12-27
435,247,2010-10-02
435,819,2015-05-06
436,673,2017-10-03
437,311,2019-01-09
437,346,2018-11-29
437,386,2018-01-29
437,631,2020-06-25
437,1164,2019-11-15
438,427,2016-01-15
438,607,2014-09-19
438,625,2015-09-22
438,636,2020-02-02
438,667,2014-08-21
438,807,2018-06-10
438,1119,2020-06-16
439,519,2014-03-10
439,599,2020-03-03
440,434,2014-04-17
441,61,2014-11-28
442,135,2019-07-10
442,217,2016-05-03
442,656,2016-07-03
442,839,2013-10-18
442,966,2018-03-30
442,1038,2014-05-30
442,1165,2013-03-09
443,245,2011-10-08
443,541,2011-03-22
443,749,2013-02-19
443,923,2016-03-11
443,1054,2011-04-12
443,1154,2019-07-20
443,1199,2017-03-09
444,172,2020-07-22
444,679,2013-06-27
445,372,2012-06-02
445,942,2017-09-25
446,106,2011-06-03
446,181,2012-01-23
446,226,2010-08-06
446,378,2017-04-18
446,562,2013-11-06
446,575,2014-10-26
446,859,2019-01-28
446,1130,2010-10-17
447,488,2014-10-09
448,93,2018-06-06
448,229,2013-08-14
449,91,2020-09-13
449,229,2014-11-03
449,435,2010-04-23
449,955,2011-03-20
450,119,2013-07-01
450,523,2011-04-06
450,574,2019-04-18
450,1141,2012-05-01
451,222,2019-12-21
451,611,2014-06-01
451,629,2020-07-30
451,655,2020-06-12
451,995,2012-11-28
452,12,2015-01-29
452,894,2015-09-13
452,1113,2010-04-24
453,738,2010-01-28
453,746,2020-07-11
453,775,2018-11-15
454,317,2011-05-26
454,381,2015-12-30
454,470,2010-07-23
454,557,2019-11-21
454,615,2017-01-02
454,619,2010-10-01
454,933,2014-07-14
455,372,2017-03-06
455,868,2017-01-15
455,1140,2014-03-12
456,65,2010-12-13
456,224,2011-01-13
456,604,2019-08-12
456,784,2019-04-11
456,1128,2016-11-01
457,262,2010-04-16
458,274,2014-02-19
458,458,2012-02-14
458,492,2010-06-04
458,517,2019-02-01
458,597,2016-01-06
458,1002,2014-01-27
459,408,2014-11-02
459,429,2015-06-13
459,521,2011-07-14
459,965,2017-11-22
459,974,2012-10-07
460,433,2016-08-01
460,512,2010-08-30
460,796,2016-03-29
461,626,2020-01-29
461,1073,2015-05-11
461,1100,2020-01-08
462,512,2016-07-27
462,835,2019-04-13
462,1128,2018-01-23
463,100,2014-12-16
463,216,2019-01-10
463,334,2020-06-25
463,349,2010-08-09
464,13,2018-10-18
464,47,2016-04-04
464,58,2012-01-10
464,762,2014-01-02
465,31,2017-05-19
466,459,2015-07-30
466,645,2018-10-30
466,802,2011-08-29
466,944,2011-02-01
466,1082,2011-04-15
467,67,2016-02-01
467,97,2020-12-11
467,323,2017-07-21
467,538,2012-10-05
467,714,2014-04-28
467,841,2015-04-09
468,812,2019-06-03
468,853,2020-06-18
469,445,2017-07-31
469,510,2017-11-06
469,512,2020-05-15
469,519,2015-01-17
469,921,2018-09-08
471,75,2010-12-03
471,137,2011-05-26
471,215,2019-11-28
471,365,2013-07-26
471,705,2013-02-15
471,939,2018-08-01
472,829,2013-03-23
472,993,2020-05-02
472,1020,2010-06-25
473,490,2013-06-03
473,929,2011-07-31
473,1097,2011-05-05
474,955,2015-09-14
475,99,2019-04-28
476,89,2015-06-04
476,333,2011-02-02
476,435,2018-04-26
476,671,2010-03-27
476,787,2012-02-06
478,231,2015-06-08
478,310,2010-09-12
478,397,2018-06-18
478,1126,2010-02-17
479,101,2019-08-14
479,117,2014-07-30
479,593,2014-01-30
479,1012,2016-03-12
479,1076,2010-03-16
480,367,2010-02-28
480,380,2011-09-22
480,420,2018-10-04
480,696,2018-03-16
480,796,2020-07-01
480,1038,2020-06-12
481,91,2010-08-09
481,463,2018-10-12
481,860,2013-08-21
481,955,2013-07-07
482,153,2020-06-25
482,344,2015-06-02
482,629,2014-03-23
483,169,2014-09-10
483,201,2018-12-25
483,266,2011-07-16
483,874,2012-12-23
484,1083,2014-10-12
485,98,2019-11-11
485,203,2019-09-30
485,479,2016-10-26
485,799,2010-09-20
485,924,2010-11-15
485,1038,2016-07-18
486,672,2013-12-04
486,674,2013-09-18
486,1197,2010-08-03
487,572,2010-01-24
487,627,2011-07-20
488,773,2015-06-27
488,993,2014-05-24
489,139,2020-04-08
489,586,2012-04-06
490,26,2017-09-13
490,125,2011-11-28
490,136,2019-03-28
490,202,2014-08-16
490,254,2013-04-18
490,667,2011-07-26
490,997,2018-02-23
490,1076,2014-08-26
491,709,2017-04-27
492,8,2015-11-04
492,1047,2016-02-22
492,1153,2012-05-23
493,379,2015-05-24
493,485,2012-08-15
493,641,2013-07-05
493,864,2017-07-17
493,897,2011-04-10
493,1173,2017-01-11
494,316,2019-12-07
494,592,2012-02-22
495,1158,2014-11-16
496,304,2016-01-20
496,718,2016-10-02
497,39,2014-01-02
497,282,2020-03-11
497,531,2019-08-05
498,28,2012-05-17
498,180,2013-09-10
498,200,2015-10-27
498,431,2013-05-03
498,772,2018-07-27
499,142,2016-01-02
499,218,2020-01-01
499,423,2017-03-23
499,774,2012-02-02
500,740,2020-09-04
500,1078,2014-06-26
500,1122,2010-03-18
501,277,2014-04-15
501,737,2013-06-22
501,744,2016-11-06
501,956,2015-12-09
501,1094,2017-09-27
502,898,2014-07-24
502,932,2019-01-08
502,1091,2015-09-23
503,88,2016-07-03
503,990,2014-12-01
504,653,2016-12-26
504,1137,2015-06-26
504,1188,2013-03-22
506,160,2010-03-13
506,336,2014-03-15
506,383,2019-08-19
506,496,2012-01-13
506,524,2012-02-01
506,732,2018-03-21
507,164,2010-05-08
507,340,2020-09-23
507,1019,2018-10-12
507,1025,2011-04-16
508,1151,2013-11-10
509,764,2017-01-22
509,1077,2011-07-14
511,63,2017-10-20
511,352,2013-12-06
511,437,2010-11-01
511,757,2018-01-19
511,860,2014-12-23
511,873,2013-11-01
511,1044,2013-11-22
512,301,2017-05-23
512,1018,2014-05-08
513,696,2018-08-29
513,698,2020-10-21
513,1094,2017-07-04
514,574,2019-10-22
514,701,2010-06-29
514,823,2010-08-02
514,928,2016-05-26
514,1097,2015-06-17
514,1138,2012-07-13
515,97,2010-05-02
515,101,2011-01-29
515,1046,2018-06-11
516,148,2019-09-22
516,563,2019-12-14
517,1122,2010-02-01
518,124,2012-04-27
518,339,2015-03-04
518,1008,2018-01-16
519,99,2019-09-09
519,888,2012-03-16
520,124,2015-08-25
520,153,2013-12-02
520,460,2014-12-16
520,850,2010-07-05
521,127,2017-12-31
521,548,2010-08-22
521,778,2015-04-13
522,464,2020-10-09
522,1027,2016-03-02
523,97,2014-02-02
523,210,2013-09-10
523,245,2013-10-09
523,675,2017-08-31
523,939,2015-12-21
524,607,2013-05-03
525,820,2010-08-21
526,34,2011-01-19
526,704,2015-07-03
527,401,2016-01-09
527,538,2017-11-01
527,577,2012-11-17
527,616,2019-06-19
527,628,2012-11-13
527,788,2020-06-30
527,851,2016-01-05
528,32,2016-01-11
528,110,2011-02-19
528,241,2010-05-26
528,280,2017-11-07
528,986,2015-03-09
529,104,2018-10-15
529,374,2013-03-27
529,497,2012-06-24
529,900,2011-12-13
530,414,2011-07-26
530,459,2012-06-04
530,497,2019-12-14
530,535,2017-09-16
530,851,2013-10-03
530,1161,2015-11-21
531,83,2010-10-18
531,422,2018-11-26
531,659,2013-12-09
531,965,2015-08-09
532,451,2018-05-11
532,559,2010-08-15
532,925,2013-02-24
532,957,2020-03-14
532,1025,2012-01-10
533,660,2012-01-19
534,253,2016-11-10
534,299,2016-10-24
535,131,2016-04-20
535,734,2013-05-17
535,815,2014-03-08
535,1006,2011-12-27
536,645,2013-04-12
536,1157,2015-11-04
537,48,2018-10-24
537,353,2010-07-21
537,404,2019-11-02
537,640,2015-07-02
537,678,2017-05-15
537,780,2017-05-07
538,85,2013-02-08
538,139,2011-11-08
538,145,2019-09-04
538,610,2012-09-23
538,823,2013-09-10
539,247,2012-10-08
539,627,2010-03-17
539,975,2011-12-16
539,1122,2012-02-04
540,776,2012-08-11
543,560,2015-08-05
544,497,2018-09-20
544,826,2015-05-30
545,457,2019-03-02
545,765,2012-02-13
545,1077,2011-12-31
545,1101,2017-11-20
546,79,2016-07-08
546,186,2011-07-30
546,498,2011-12-08
547,2,2020-03-17
547,325,2013-02-16
547,977,2018-12-05
547,981,2017-03-29
548,125,2010-04-05
548,555,2013-02-07
549,102,2019-05-23
549,1146,2013-06-27
550,173,2018-06-27
550,188,2020-12-07
550,1069,2010-01-11
550,1078,2017-11-04
551,1128,2019-11-04
552,939,2011-12-14
553,452,2011-06-21
553,567,2014-05-24
553,575,2017-02-06
553,583,2011-08-29
553,774,2015-09-02
553,781,2012-05-14
553,934,2010-07-24
553,969,2015-08-05
553,989,2010-12-09
554,135,2020-02-29
554,157,2012-10-30
554,296,2017-10-21
554,400,2018-09-01
554,455,2013-10-05
554,1146,2020-05-12
555,874,2012-12-12
556,18,2013-07-08
556,357,2013-11-18
556,878,2017-04-11
556,942,2019-09-29
557,403,2012-11-27
557,477,2018-03-19
557,524,2016-06-28
557,847,2011-11-21
557,974,2019-12-23
558,209,2013-12-11
558,832,2020-12-17
558,875,2019-07-20
559,245,2011-09-07
559,616,2015-11-11
559,957,2018-01-13
560,773,2015-09-08
561,113,2010-02-27
561,821,2017-12-09
561,1178,2020-03-18
562,544,2017-01-29
562,889,2014-05-26
563,433,2012-05-22
563,464,2012-07-21
563,617,2014-07-24
563,760,2018-07-30
563,791,2019-09-06
563,851,2015-07-16
564,280,2016-09-06
564,420,2015-03-29
564,670,2017-08-27
565,628,2019-08-18
565,651,2011-10-14
565,880,2014-03-11
566,621,2015-11-17
566,890,2020-01-05
566,1095,2013-07-23
567,213,2020-03-11
567,372,2016-06-21
567,638,2014-03-04
568,25,2017-01-02
568,347,2010-10-28
568,393,2016-11-05
568,468,2010-04-12
568,1143,2019-11-07
569,129,2010-12-21
569,146,2016-12-15
569,325,2020-07-24
569,757,2013-08-08
569,1082,2015-01-20
570,362,2014-08-20
570,367,2017-03-17
570,879,2019-04-10
570,1199,2011-07-17
571,40,2019-03-28
571,338,2015-05-04
571,645,2010-01-29
571,685,2017-08-16
571,999,2020-07-27
572,181,2017-01-26
572,242,2011-08-10
572,483,2013-06-30
572,1097,2019-04-02
573,48,2014-10-04
573,179,2010-12-24
573,322,2015-10-13
573,405,2018-07-23
573,747,2013-01-10
573,1003,2011-05-08
573,1119,2019-01-19
574,111,2010-10-10
575,618,2012-11-01
575,654,2017-07-13
575,925,2020-09-20
575,1091,2017-06-05
576,107,2017-12-27
576,585,2013-07-10
576,746,2017-08-10
577,89,2017-10-05
577,375,2020-03-17
578,616,2010-10-13
578,784,2019-06-01
579,50,2017-10-17
579,431,2019-06-24
579,609,2013-12-21
579,845,2012-03-08
581,375,2010-11-06
581,448,2011-12-29
581,805,2015-04-06
581,1189,2014-07-01
582,230,2012-10-26
582,593,2015-05-15
582,800,2011-12-12
582,862,2020-06-08
582,1097,2011-09-15
583,230,2013-10-13
583,829,2017-03-13
583,831,2018-11-15
584,88,2014-01-25
584,704,2011-06-19
585,410,2013-08-12
585,525,2013-11-03
585,690,2015-05-16
586,524,2016-09-29
586,662,2014-09-23
586,688,2019-08-21
586,907,2017-08-06
586,1033,2010-03-08
586,1109,2013-04-26
587,955,2014-09-15
587,1012,2020-11-22
587,1123,2018-03-04
587,1133,2010-04-06
587,1164,2020-03-18
587,1190,2013-09-24
588,532,2015-03-15
589,22,2020-02-16
589,364,2017-04-02
589,644,2010-01-18
589,970,2013-03-04
589,1045,2011-04-07
590,566,2013-03-08
590,725,2017-09-15
590,887,2014-11-02
591,87,2013-03-03
591,195,2014-04-19
591,221,2012-05-23
591,270,2018-07-29
591,475,2015-09-07
591,955,2010-08-05
591,1018,2014-08-07
592,79,2020-04-10
592,237,2016-01-19
592,258,2010-01-18
592,998,2014-01-07
592,1157,2019-07-17
593,234,2010-07-10
593,805,2013-05-23
594,488,2015-01-30
594,561,2010-05-21
594,950,2012-05-01
595,289,2010-10-03
595,420,2010-01-20
595,790,2014-10-31
595,1143,2016-01-01
596,616,2013-12-09
597,454,2019-11-09
598,41,2013-03-18
598,253,2019-06-16
598,1081,2020-06-15
599,834,2018-03-24
599,922,2016-08-07
599,1028,2016-07-29
599,1171,2012-05-05
600,166,2011-02-17
600,662,2020-05-25
600,725,2013-12-02
600,1189,2011-03-01
601,179,2011-10-21
601,563,2020-11-11
601,958,2011-06-30
601,963,2018-10-16
601,997,2020-11-30
602,496,2019-12-17
602,510,2016-04-15
602,584,2014-08-18
602,951,2015-11-12
602,966,2012-09-06
603,262,2014-10-13
603,944,2010-06-04
603,1000,2017-08-28
604,655,2011-10-04
604,676,2018-07-04
604,700,2016-01-19
604,945,2019-08-24
605,576,2018-05-28
605,819,2012-04-29
605,961,2015-01-18
605,1093,2015-04-19
606,116,2019-08-11
606,660,2019-08-31
606,872,2014-10-05
606,1128,2017-08-25
606,1139,2015-01-05
607,340,2017-03-25
607,560,2018-08-01
607,1170,2012-09-09
608,255,2015-02-03
608,298,2016-05-20
608,386,2012-08-16
608,446,2010-08-24
608,597,2010-09-22
608,674,2014-01-11
608,1186,2014-10-06
609,22,2020-09-01
609,49,2011-10-10
609,539,2019-06-27
609,615,2010-09-18
609,753,2015-05-28
609,940,2018-05-24
610,41,2010-09-02
610,968,2018-12-20
610,1127,2011-12-21
610,1129,2019-10-22
611,327,2012-01-07
611,617,2010-01-17
612,372,2012-05-25
612,388,2018-02-28
612,584,2010-01-23
612,1065,2010-02-27
613,850,2019-11-18
613,1045,2016-02-13
613,1126,2016-01-17
614,812,2013-02-19
615,421,2015-04-08
615,1154,2017-04-18
616,287,2015-09-15
617,11,2010-06-18
617,99,2016-06-22
617,274,2016-04-23
617,362,2015-01-05
617,526,2010-06-11
617,646,2014-12-26
617,731,2012-02-13
618,461,2013-05-22
618,927,2014-09-15
618,1152,2010-05-21
619,67,2011-02-14
619,132,2010-12-06
620,9,2013-07-22
620,618,2016-05-28
620,636,2017-08-31
620,933,2018-02-16
621,431,2018-05-13
621,524,2016-11-29
621,611,2020-06-30
622,170,2012-01-17
622,251,2017-01-06
622,315,2016-12-17
623,570,2014-03-07
623,734,2020-07-23
625,236,2010-05-12
625,308,2010-07-26
625,799,2015-11-22
625,829,2011-06-06
626,702,2018-10-03
627,440,2012-02-22
627,797,2017-02-06
627,826,2010-05-25
627,1053,2013-02-15
627,1066,2015-02-27
628,49,2013-08-12
628,356,2019-09-07
628,544,2010-11-23
628,626,2010-02-18
628,1084,2013-12-22
629,802,2014-07-22
630,491,2013-05-03
630,960,2020-04-07
630,1060,2013-07-09
631,325,2020-01-19
631,815,2017-04-12
631,863,2018-10-09
632,177,2010-01-07
632,372,2020-07-29
632,373,2020-09-18
632,990,2014-12-17
633,107,2015-02-02
633,487,2020-01-15
634,86,2017-06-27
634,92,2011-04-04
634,524,2015-07-10
635,88,2016-06-15
635,165,2015-11-25
636,584,2018-07-28
636,881,2020-10-19
637,431,2017-01-17
637,594,2012-01-07
637,784,2016-11-04
637,865,2012-03-14
637,973,2011-01-25
638,684,2019-11-15
638,754,2018-10-26
638,936,2011-06-03
639,182,2010-04-05
639,501,2010-02-23
639,563,2017-04-21
639,649,2013-04-18
639,1194,2018-07-19
640,17,2016-05-05
640,80,2017-12-28
640,462,2013-09-02
640,511,2012-10-08
640,779,2019-07-07
640,1146,2018-10-29
641,723,2015-07-06
642,328,2012-06-07
642,926,2020-08-06
643,367,2016-03-19
643,1052,2010-01-29
644,20,2019-10-03
644,723,2011-10-12
644,1057,2011-12-19
645,978,2019-11-10
645,1112,2011-02-20
646,200,2015-04-08
646,376,2010-08-12
646,438,2018-06-29
646,587,2016-02-29
646,783,2015-11-29
647,177,2017-01-10
648,729,2017-05-26
648,1038,2020-02-07
648,1082,2017-12-29
648,1195,2010-04-29
649,416,2010-03-04
650,466,2014-11-10
650,830,2014-10-16
651,204,2012-08-23
651,386,2019-05-12
651,556,2014-12-27
651,759,2017-03-15
651,802,2019-01-15
652,584,2010-05-25
653,207,2013-08-21
653,878,2014-10-26
654,461,2017-05-13
655,569,2018-06-17
655,620,2020-02-08
655,836,2013-09-04
655,1074,2018-02-16
656,716,2016-05-25
656,1160,2010-07-27
656,1200,2020-07-11
657,60,2015-01-04
657,428,2015-07-25
657,733,2019-06-04
657,1140,2019-01-12
658,35,2020-12-25
658,265,2013-01-17
658,340,2017-03-17
658,417,2011-05-02
658,563,2013-05-29
659,1162,2016-10-16
660,23,2016-11-25
660,253,2020-06-20
660,342,2018-10-26
660,747,2017-06-18
660,831,2015-09-15
660,902,2018-05-02
661,301,2020-01-26
661,519,2017-10-09
661,543,2020-04-13
661,624,2017-10-17
661,636,2010-08-17
661,1058,2013-01-01
662,297,2012-10-03
662,607,2011-11-06
662,969,2013-02-06
663,706,2010-02-17
663,771,2012-01-12
663,1023,2019-10-08
663,1166,2019-07-06
664,655,2014-04-27
664,666,2014-05-09
665,439,2011-05-21
665,1073,2015-06-17
666,1011,2020-11-01
666,1185,2010-02-26
667,76,2010-09-28
667,157,2011-02-14
667,211,2014-03-14
667,241,2012-03-17
667,244,2016-01-09
667,356,2010-09-03
667,1040,2016-03-11
668,315,2011-04-29
668,381,2016-03-14
668,421,2013-09-08
668,692,2014-09-22
668,952,2016-08-26
669,718,2010-04-08
669,794,2019-11-18
669,846,2015-01-24
669,1167,2015-03-03
670,335,2020-07-22
670,353,2016-08-10
670,423,2013-03-07
670,638,2014-04-03
670,835,2012-08-18
670,941,2018-10-26
671,156,2020-10-28
671,203,2019-03-17
671,615,2015-05-07
671,731,2016-02-15
671,802,2014-10-25
671,1183,2013-09-23
672,186,2010-05-13
672,260,2015-09-25
672,935,2010-04-08
672,1110,2017-05-03
673,440,2015-01-30
673,490,2014-02-05
673,872,2020-10-26
673,1030,2018-09-26
673,1160,2013-07-06
674,213,2012-12-01
674,473,2010-03-19
675,423,2011-12-09
675,964,2013-09-21
676,901,2018-03-12
676,921,2014-09-14
677,131,2016-04-05
677,249,2020-04-14
677,592,2018-05-16
677,959,2010-10-05
677,997,2014-02-07
677,1193,2015-07-05
678,82,2018-12-27
678,557,2010-09-05
678,1111,2011-09-18
679,327,2012-08-28
679,1113,2010-02-03
680,270,2013-05-21
680,1103,2014-11-22
680,1121,2012-03-10
681,290,2011-07-21
681,952,2013-10-26
681,1003,2020-09-24
681,1011,2020-08-18
682,248,2013-12-09
682,369,2018-10-09
682,408,2015-07-09
682,479,2018-04-09
682,646,2016-07-29
683,271,2014-06-09
683,898,2020-07-05
683,923,2020-02-22
684,82,2011-08-03
684,92,2013-07-05
684,203,2018-06-28
684,581,2019-10-08
684,731,2019-09-01
684,1015,2017-02-11
685,746,2011-12-19
685,825,2019-06-04
685,997,2014-09-09
685,1010,2013-04-23
686,64,2020-01-28
686,234,2010-07-14
686,629,2018-12-29
686,726,2014-07-02
687,331,2015-12-11
687,641,2016-12-19
687,951,2012-12-22
688,53,2010-09-25
688,709,2018-10-23
688,760,2018-04-21
688,836,2014-05-03
689,53,2012-12-27
689,353,2015-09-17
689,376,2011-11-22
689,662,2020-12-09
689,940,2018-02-19
690,415,2018-05-16
690,545,2010-11-11
690,645,2016-03-29
690,1007,2015-04-24
690,1066,2019-04-07
690,1084,2016-03-15
691,115,2020-10-31
691,123,2013-01-21
691,682,2015-01-10
691,912,2014-12-12
692,547,2015-10-04
692,603,2014-08-16
693,100,2013-04-04
693,178,2018-06-12
693,321,2014-11-08
693,424,2020-12-10
693,710,2012-01-02
693,775,2011-03-18
693,1028,2012-12-20
694,1009,2013-05-24
695,211,2015-12-11
695,770,2015-07-04
695,783,2020-07-01
696,633,2020-06-27
696,813,2012-02-01
696,907,2020-10-26
697,96,2015-09-20
697,111,2010-11-29
697,264,2017-06-19
697,445,2014-05-20
697,864,2014-11-09
697,1123,2018-10-09
698,1176,2020-10-03
699,99,2015-09-15
699,258,2018-09-07
699,864,2011-02-15
700,61,2010-08-31
700,608,2010-04-12
700,976,2010-01-16
700,1109,2016-03-09
701,661,2019-12-09
701,1109,2018-08-22
702,96,2011-12-05
702,218,2010-10-29
703,267,2010-03-19
703,527,2016-02-20
703,1106,2011-09-20
704,75,2011-03-20
704,383,2013-03-17
704,512,2019-10-09
704,676,2011-12-10
704,745,2018-12-28
705,112,2013-02-04
705,182,2020-09-29
705,831,2014-03-07
705,1030,2010-05-30
706,24,2014-12-03
706,39,2019-10-08
706,151,2012-03-31
706,440,2014-02-17
706,454,2019-08-17
706,1147,2019-06-23
706,1166,2013-05-19
707,784,2018-07-29
707,785,2013-03-01
707,852,2012-07-27
708,38,2015-05-15
708,516,2014-02-20
708,933,2015-02-07
709,186,2012-05-04
709,458,2020-06-23
709,505,2013-01-15
709,676,2020-07-12
709,945,2012-11-29
710,609,2020-10-20
710,1005,2020-04-11
710,1023,2012-03-13
711,575,2017-01-03
711,731,2010-06-23
712,205,2015-06-11
712,465,2013-11-29
712,609,2013-04-20
713,3,2011-11-25
713,73,2010-05-09
714,376,2012-03-19
714,427,2020-02-26
714,922,2016-10-30
715,387,2014-10-30
716,126,2019-12-20
716,230,2018-12-26
716,551,2016-02-23
716,556,2010-06-15
717,111,2010-07-21
717,217,2015-07-22
717,567,2010-04-04
717,874,2012-12-12
717,923,2017-09-18
717,990,2012-10-25
717,1131,2010-12-31
718,70,2010-06-23
718,224,2014-11-22
718,282,2020-06-08
719,569,2012-08-12
721,88,2013-09-14
721,373,2012-06-19
721,902,2019-02-11
721,1150,2012-10-10
721,1185,2011-05-27
722,853,2017-08-11
722,940,2017-11-05
722,1088,2010-09-03
723,97,2017-04-29
723,227,2019-11-13
723,444,2014-12-13
723,758,2016-04-13
724,1029,2014-01-06
725,398,2014-08-09
725,515,2019-09-24
725,665,2020-11-12
725,782,2013-11-27
725,796,2017-01-09
725,841,2013-01-05
726,343,2012-03-26
726,405,2016-12-21
726,482,2014-07-19
727,17,2018-06-22
727,226,2010-10-11
728,726,2017-03-19
728,779,2013-11-16
729,56,2011-03-18
729,178,2012-11-22
729,196,2010-10-23
729,590,2011-09-13
729,667,2018-11-17
729,853,2013-12-31
730,339,2015-03-23
731,859,2019-03-16
731,883,2010-07-16
731,910,2011-12-01
733,258,2014-02-26
733,965,2011-11-08
734,157,2011-01-29
734,569,2011-10-26
734,700,2015-07-25
734,1073,2013-10-27
735,119,2019-12-13
735,333,2014-07-19
736,50,2013-04-06
736,542,2011-09-02
736,587,2012-03-05
736,1165,2018-12-19
736,1173,2017-02-23
737,10,2015-02-09
737,818,2016-03-09
737,964,2015-08-17
738,134,2019-06-05
738,661,2014-09-30
738,1008,2011-03-08
738,1038,2013-06-20
739,99,2019-02-05
739,106,2017-07-20
739,252,2017-09-04
739,256,2019-02-12
739,420,2012-02-09
739,663,2019-01-22
739,906,2014-10-28
739,1035,2020-06-27
740,441,2020-04-25
740,651,2020-08-14
740,736,2020-05-14
741,326,2017-02-22
741,765,2017-04-08
741,906,2013-07-29
741,1076,2013-02-08
742,420,2014-03-05
742,504,2011-05-03
742,645,2020-01-13
742,791,2015-12-21
743,248,2014-02-05
743,358,2013-08-14
743,614,2010-09-13
743,779,2010-02-06
743,1032,2010-09-29
743,1064,2012-10-02
743,1168,2010-04-15
744,353,2015-05-21
744,524,2016-12-06
744,701,2019-05-09
744,1025,2020-09-06
745,527,2012-08-08
746,588,2015-02-20
746,954,2019-02-05
747,496,2015-02-13
747,678,2010-02-10
747,909,2019-04-20
748,87,2017-10-12
748,1055,2019-12-31
749,195,2018-06-30
749,357,2011-03-07
749,502,2017-12-18
749,661,2012-09-08
750,36,2012-09-23
750,157,2010-11-24
750,1004,2012-08-27
751,100,2014-06-01
751,143,2019-08-31
751,185,2016-06-03
751,877,2015-11-23
751,962,2015-03-20
752,368,2015-02-25
753,963,2013-01-08
753,999,2012-09-15
754,282,2011-04-03
754,307,2015-05-29
754,686,2019-11-05
754,809,2015-08-27
754,1190,2011-06-13
755,891,2019-11-16
755,966,2017-06-21
755,1099,2017-05-17
756,548,2020-02-17
756,910,2019-04-29
757,69,2011-07-27
757,247,2016-03-21
757,847,2017-11-24
757,1111,2012-11-17
758,84,2016-03-19
758,347,2012-08-12
759,192,2020-11-22
759,208,2011-09-07
759,261,2017-10-08
760,239,2014-05-26
760,360,2016-06-22
760,393,2017-10-26
760,918,2017-02-03
760,1023,2017-07-06
761,241,2014-07-09
761,599,2015-01-31
761,787,2018-06-16
762,62,2019-10-09
762,458,2016-06-13
762,755,2017-05-03
763,271,2012-02-16
763,868,2013-02-16
764,364,2016-10-08
764,401,2020-09-14
765,895,2014-09-13
766,473,2018-08-22
766,609,2011-10-16
766,649,2020-01-27
766,781,2020-06-10
766,1119,2020-06-22
767,261,2010-11-23
767,278,2016-04-21
767,341,2020-07-29
767,850,2017-12-11
767,1200,2016-08-20
768,74,2016-06-06
768,1139,2015-08-02
768,1151,2011-09-27
769,485,2011-10-01
769,610,2012-07-31
769,889,2014-03-24
769,1020,2020-02-09
770,34,2017-08-11
770,406,2010-02-08
770,719,2010-03-26
772,138,2018-05-12
772,856,2019-06-17
773,239,2013-09-20
773,571,2015-03-17
773,776,2010-03-15
773,784,2016-04-25
774,264,2019-08-26
774,610,2011-01-31
775,714,2019-10-14
775,1152,2011-04-09
777,674,2019-11-02
777,990,2011-03-26
777,1084,2018-04-21
778,111,2012-08-27
778,424,2018-05-17
778,483,2011-01-12
779,1187,2012-12-02
780,382,2015-07-27
780,927,2013-04-10
780,952,2011-02-04
780,1074,2011-04-25
781,193,2018-06-24
781,330,2014-07-24
781,627,2015-12-15
781,890,2015-05-27
781,1076,2010-04-11
782,18,2017-04-01
782,390,2014-05-17
782,455,2011-05-22
782,736,2010-05-21
782,923,2016-04-10
783,20,2014-03-28
783,83,2014-07-18
783,122,2016-05-09
783,336,2012-09-25
783,867,2010-02-22
784,138,2014-12-27
785,174,2019-08-25
785,252,2013-09-19
785,949,2020-07-01
785,1169,2014-08-14
786,742,2017-05-10
787,217,2011-02-28
787,285,2019-04-23
787,292,2013-05-11
787,426,2013-07-23
787,748,2015-06-04
787,1183,2017-05-27
788,203,2013-09-15
788,292,2014-01-15
788,446,2013-05-06
788,575,2012-04-26
788,1097,2012-09-09
788,1127,2012-08-25
789,265,2020-02-19
789,332,2019-04-23
789,462,2019-11-17
789,816,2012-09-19
790,269,2019-08-16
790,1155,2010-03-19
791,64,2011-09-18
791,248,2019-09-29
791,419,2014-12-28
791,519,2018-01-04
791,639,2020-10-05
791,668,2014-11-03
791,711,2013-05-25
792,43,2019-03-24
792,107,2019-07-07
792,323,2019-08-13
792,803,2012-05-14
792,1058,2010-11-13
792,1152,2012-05-21
793,146,2018-10-29
794,782,2017-12-19
795,191,2015-01-26
796,229,2016-04-23
796,367,2014-05-19
796,519,2018-08-18
796,772,2010-08-14
796,991,2020-02-05
796,1124,2018-04-17
797,258,2010-09-22
797,835,2013-11-06
797,937,2016-06-02
798,766,2014-08-17
798,1094,2013-06-04
799,306,2010-07-17
799,435,2011-05-11
799,453,2017-04-19
799,578,2011-05-20
799,708,2010-01-17
799,1007,2010-05-10
799,1131,2013-01-07
800,101,2019-04-05
800,688,2019-08-17
800,925,2016-09-08
801,53,2020-07-04
801,150,2012-10-05
801,520,2018-04-08
802,299,2013-09-24
802,739,2010-07-24
802,833,2011-11-18
802,880,2012-02-26
802,927,2011-07-21
802,1166,2019-06-26
803,315,2020-05-22
803,564,2011-08-21
803,802,2011-02-22
804,236,2020-10-27
804,582,2016-12-20
804,710,2010-12-31
805,494,2018-02-06
805,555,2017-10-27
805,946,2020-08-19
805,1185,2017-02-17
806,734,2012-04-01
806,1126,2018-08-28
807,426,2011-05-18
807,655,2011-06-19
807,1008,2017-06-18
807,1027,2020-11-08
808,227,2013-08-27
808,229,2019-05-10
808,289,2013-01-19
808,348,2020-08-30
808,396,2018-10-23
808,730,2019-07-14
808,876,2013-07-07
808,988,2019-02-14
809,466,2012-12-18
809,640,2017-03-06
809,792,2013-03-16
809,817,2013-12-04
809,909,2013-12-03
809,974,2018-12-21
810,427,2012-06-03
811,128,2014-11-01
811,526,2018-11-05
811,557,2013-11-11
811,705,2016-08-30
811,797,2017-05-03
811,934,2020-01-17
812,46,2017-03-18
812,131,2011-05-05
812,188,2014-07-17
812,965,2011-01-22
813,289,2020-02-15
813,294,2011-01-16
813,740,2020-09-29
813,809,2017-07-18
813,992,2012-09-26
814,115,2016-01-19
814,427,2015-03-02
814,536,2012-09-30
814,644,2017-11-19
814,808,2014-02-10
814,998,2012-10-10
815,37,2018-07-24
815,446,2011-12-21
815,468,2013-12-27
815,811,2020-07-01
816,23,2019-02-27
816,138,2010-10-19
816,489,2017-10-18
816,730,2018-01-30
816,736,2012-06-06
817,295,2016-11-10
817,448,2017-06-05
818,580,2013-02-12
818,855,2019-10-01
819,474,2017-05-03
819,820,2013-10-06
819,1099,2013-12-09
819,1101,2010-12-31
820,274,2016-08-06
820,727,2018-01-02
821,179,2016-02-29
821,741,2018-01-06
821,1125,2014-07-30
822,187,2019-05-21
822,291,2011-01-21
822,461,2016-11-15
822,847,2019-08-03
823,72,2012-12-16
823,91,2019-04-14
823,623,2015-05-23
823,853,2019-11-20
823,1038,2010-08-27
823,1197,2019-03-20
824,56,2011-02-11
824,315,2012-07-16
824,811,2016-07-09
824,1082,2020-02-17
824,1106,2018-03-30
824,1147,2020-07-03
825,375,2012-02-21
825,1110,2019-04-27
825,1113,2011-02-20
826,407,2014-06-15
826,722,2014-03-29
827,283,2019-12-19
828,524,2013-12-30
828,1015,2015-03-24
829,207,2019-03-23
829,381,2015-04-22
829,842,2012-02-16
829,1010,2010-09-05
830,846,2017-01-20
831,306,2016-08-18
831,806,2012-09-21
831,839,2011-12-18
831,1048,2016-08-30
832,52,2016-03-14
832,179,2019-01-05
832,221,2011-06-20
832,286,2020-07-21
832,855,2013-12-09
833,321,2020-09-01
833,686,2015-05-27
833,1010,2019-09-24
834,891,2014-04-27
834,1031,2020-05-15
835,680,2013-12-19
835,844,2012-10-08
836,60,2018-02-14
836,66,2014-02-14
836,696,2016-10-20
836,894,2019-01-24
837,1024,2020-01-01
837,1070,2013-04-09
838,458,2014-07-19
839,698,2011-08-21
840,202,2015-03-10
840,204,2013-08-21
840,259,2012-09-15
840,363,2020-06-20
840,377,2012-11-28
840,407,2017-06-03
840,861,2019-03-08
840,947,2013-11-22
841,734,2015-10-02
841,1135,2020-07-14
842,48,2011-02-06
842,180,2016-04-18
842,636,2011-01-04
842,1145,2014-12-31
843,465,2017-03-15
843,490,2016-09-19
844,239,2013-06-06
844,727,2011-01-18
844,811,2014-02-28
845,77,2011-12-09
845,78,2020-01-27
845,170,2010-02-24
845,730,2011-08-27
845,934,2017-01-24
845,984,2018-09-19
845,1025,2014-10-19
846,346,2018-11-24
846,441,2010-06-19
847,385,2020-10-07
848,86,2015-02-02
848,428,2019-12-08
848,442,2018-05-02
848,854,2018-06-24
849,677,2010-07-12
849,1176,2010-12-08
850,279,2014-12-10
850,567,2018-04-29
850,1026,2012-10-23
850,1038,2016-04-14
851,54,2017-04-25
851,300,2014-07-29
851,369,2015-03-04
851,1001,2019-08-17
852,265,2014-08-18
852,366,2014-05-31
852,767,2015-09-15
852,1006,2013-11-29
853,91,2014-11-05
853,493,2020-08-04
853,502,2018-03-25
853,900,2014-07-12
853,954,2020-05-07
853,1122,2010-05-18
853,1155,2020-06-29
854,60,2019-12-25
854,254,2016-04-07
855,32,2016-10-02
855,185,2020-12-10
855,348,2019-12-22
855,349,2010-04-16
855,470,2019-04-11
855,847,2020-09-03
855,1103,2018-03-18
856,685,2012-05-01
856,958,2017-12-23
856,992,2016-04-27
857,161,2012-09-11
857,272,2020-07-05
858,23,2016-03-01
858,59,2012-04-15
858,756,2019-06-14
858,817,2010-05-17
858,833,2010-02-01
858,897,2017-08-17
858,1174,2010-04-16
859,229,2011-06-28
859,660,2017-07-10
859,848,2011-01-03
860,217,2016-01-20
860,790,2020-02-07
861,252,2011-03-26
861,560,2010-12-31
861,809,2018-11-13
861,1156,2015-10-05
862,33,2013-06-09
862,224,2020-02-28
862,463,2012-07-03
862,466,2016-12-03
862,686,2014-06-23
862,741,2012-03-07
863,310,2018-04-23
863,752,2019-10-13
864,388,2016-10-03
865,16,2014-04-14
865,592,2015-12-09
865,1191,2018-07-28
866,85,2020-11-15
866,428,2019-08-05
866,1151,2014-08-08
867,236,2017-05-25
867,380,2020-05-12
869,874,2013-10-04
870,140,2010-04-01
870,782,2020-05-11
871,36,2016-08-04
871,462,2017-07-15
871,977,2020-01-19
872,411,2011-12-04
872,567,2014-01-24
872,732,2015-10-01
872,1042,2015-03-19
872,1159,2014-12-19
873,32,2017-10-26
873,103,2013-12-22
873,216,2011-03-02
873,249,2015-10-02
873,757,2018-12-13
873,1054,2012-11-07
874,662,2014-10-29
874,1000,2015-07-25
874,1010,2020-03-30
875,34,2011-12-28
875,153,2011-05-27
875,647,2017-07-28
876,343,2015-07-03
876,356,2018-02-28
876,753,2013-08-07
876,787,2018-08-21
877,142,2010-05-10
877,570,2013-05-15
877,687,2019-02-19
877,1082,2012-05-05
877,1183,2017-01-04
878,219,2016-02-16
878,367,2020-08-29
878,1185,2010-03-23
879,236,2015-05-15
879,239,2016-05-03
879,1045,2018-08-04
880,85,2011-10-31
880,105,2011-11-06
880,244,2012-06-19
880,648,2015-07-01
881,470,2019-11-04
881,621,2017-08-27
881,720,2013-09-24
881,740,2013-03-21
881,1054,2012-03-07
882,35,2017-07-26
882,244,2015-11-19
882,350,2018-08-10
882,767,2016-08-07
882,1002,2019-08-02
883,720,2013-01-10
884,871,2011-10-15
885,471,2012-12-04
885,609,2014-01-30
886,329,2017-02-15
886,637,2017-11-22
887,797,2019-12-30
887,912,2012-07-15
888,197,2010-09-15
888,502,2010-07-26
888,930,2017-05-22
889,21,2012-12-29
889,34,2017-06-05
890,409,2017-01-20
890,548,2013-11-12
890,834,2017-11-12
890,1166,2018-03-01
890,1194,2013-08-08
891,720,2012-10-22
891,840,2012-03-13
892,8,2017-04-15
892,75,2015-04-28
892,272,2018-07-20
892,374,2015-11-15
892,452,2013-11-26
892,1035,2016-11-28
893,492,2019-07-09
893,498,2015-10-02
893,505,2016-08-06
893,716,2020-02-15
893,917,2015-08-10
893,1036,2011-01-24
894,169,2013-06-28
894,769,2020-06-12
894,819,2013-09-01
894,1088,2012-01-30
895,8,2019-01-17
895,784,2011-12-11
896,97,2011-08-04
896,270,2016-01-16
896,452,2020-02-25
896,583,2013-11-15
896,832,2020-04-25
896,1179,2019-01-12
897,53,2010-08-02
897,109,2011-07-28
897,407,2012-11-26
897,910,2018-07-13
899,130,2019-01-11
899,419,2019-02-27
899,495,2019-02-28
899,715,2010-04-19
899,1011,2016-04-10
899,1199,2014-02-23
900,1069,2012-09-09
901,586,2012-12-19
901,837,2013-10-24
901,1049,2013-05-16
902,133,2018-10-03
902,223,2012-12-16
902,1157,2017-10-22
903,569,2012-02-02
903,690,2018-05-09
903,695,2018-09-02
903,756,2013-08-12
903,818,2018-02-07
903,981,2013-02-02
903,1188,2019-03-26
904,319,2015-08-03
905,580,2011-02-12
905,660,2011-08-03
905,896,2020-04-06
905,925,2015-08-28
906,134,2013-12-06
906,532,2012-02-04
906,924,2016-10-01
906,1012,2012-09-25
907,486,2015-08-09
907,732,2011-12-11
907,914,2011-10-25
907,1078,2020-04-18
908,443,2014-02-15
908,550,2015-08-22
908,746,2015-01-03
908,909,2010-03-01
909,124,2016-11-22
909,263,2018-08-06
909,547,2015-03-16
909,821,2015-08-24
910,67,2014-10-21
910,234,2016-09-14
911,206,2010-05-03
911,264,2019-03-08
912,341,2019-04-11
912,364,2019-04-13
912,406,2020-04-10
912,546,2012-01-03
912,588,2013-11-04
912,868,2012-04-02
912,943,2020-08-27
912,1033,2015-06-27
913,261,2017-10-22
913,695,2018-05-31
913,722,2010-06-06
913,795,2019-02-21
913,852,2015-08-11
913,865,2013-09-19
913,885,2014-04-24
913,1168,2014-03-26
914,59,2013-02-11
914,209,2018-10-04
914,310,2016-04-30
914,613,2015-01-10
914,1010,2019-02-10
915,95,2020-07-31
915,336,2010-01-05
915,618,2014-08-29
915,773,2018-07-16
915,904,2019-05-29
916,208,2013-12-19
916,815,2011-09-27
916,1142,2015-10-28
917,158,2020-03-01
917,312,2020-04-26
917,651,2011-09-30
917,760,2017-02-03
917,834,2017-01-01
918,299,2011-01-27
918,655,2013-04-24
918,737,2010-04-18
918,821,2016-05-15
919,24,2011-04-23
919,89,2010-03-29
919,949,2011-12-31
920,99,2020-10-03
920,502,2010-07-19
920,646,2014-06-24
920,856,2017-08-28
920,912,2011-03-18
921,490,2013-08-31
921,551,2012-11-18
921,602,2019-04-01
921,634,2010-07-21
922,574,2011-12-20
922,601,2010-02-05
922,685,2011-03-20
922,1034,2012-02-17
923,122,2020-03-14
923,282,2012-04-09
923,310,2014-05-20
923,866,2014-03-12
923,903,2010-02-10
923,1049,2012-12-17
924,739,2019-08-12
925,266,2016-07-08
925,488,2020-12-29
925,707,2017-10-08
925,710,2016-03-22
925,1194,2017-12-25
926,727,2011-08-08
926,875,2020-03-11
926,1118,2018-09-01
927,13,2020-04-14
927,92,2014-08-27
927,101,2017-06-19
927,137,2012-11-07
927,626,2017-07-17
927,767,2016-06-26
927,937,2012-10-01
928,238,2010-09-29
928,341,2016-10-10
928,447,2020-05-25
928,496,2011-07-31
928,875,2015-05-13
929,227,2016-10-14
929,330,2019-10-11
929,596,2017-04-09
929,772,2014-11-25
930,579,2017-10-20
930,680,2019-05-05
931,83,2014-06-24
931,91,2010-12-08
931,119,2016-11-07
931,270,2014-07-09
931,490,2017-09-04
931,668,2018-04-30
931,708,2011-03-10
932,127,2018-04-21
932,382,2010-04-09
932,1075,2016-03-13
932,1148,2012-05-29
933,248,2013-03-08
933,519,2013-09-19
933,800,2017-12-19
934,1027,2016-07-05
934,1108,2010-09-10
935,140,2014-07-19
935,1127,2018-01-25
936,49,2010-10-04
936,413,2018-05-24
936,440,2010-03-03
936,675,2011-02-06
936,730,2015-05-25
937,237,2016-03-19
937,763,2012-05-23
937,845,2014-08-03
937,1023,2019-06-02
938,608,2016-04-01
938,818,2015-12-29
939,978,2012-02-24
939,1038,2010-12-21
940,422,2016-05-30
940,613,2016-04-21
940,690,2018-04-05
941,140,2020-11-19
941,934,2016-11-05
942,728,2011-10-13
942,1167,2020-04-17
943,800,2019-10-02
943,803,2019-01-31
944,772,2016-04-11
944,854,2017-09-28
945,376,2019-06-11
945,1032,2019-09-06
946,880,2015-10-07
947,39,2015-02-27
947,90,2019-06-28
947,1171,2015-07-27
948,1015,2013-12-30
948,1057,2013-03-03
949,56,2019-05-21
949,129,2018-12-13
949,150,2017-04-13
949,1031,2013-05-19
950,57,2020-07-20
950,608,2020-11-01
950,838,2014-04-28
950,1030,2020-04-06
951,29,2017-07-31
951,57,2017-11-13
951,73,2019-06-02
951,230,2018-08-09
951,370,2013-04-26
951,750,2013-01-07
952,529,2019-08-29
952,680,2011-11-13
952,870,2015-05-25
952,979,2016-05-18
953,550,2015-06-19
953,789,2018-12-24
953,1017,2017-12-31
953,1112,2018-08-09
954,216,2010-12-04
954,688,2013-03-05
954,985,2013-05-27
955,395,2015-07-01
955,512,2013-02-04
955,540,2018-02-10
955,867,2014-04-01
955,909,2010-06-20
955,949,2018-10-23
955,1121,2015-12-17
956,505,2019-03-23
956,541,2013-04-10
956,761,2010-07-20
956,1005,2016-02-18
956,1175,2011-11-30
957,408,2016-01-19
957,950,2013-06-06
958,301,2014-12-21
958,332,2013-11-20
958,460,2013-03-03
958,483,2017-02-08
958,584,2013-09-19
958,838,2010-08-17
958,1005,2020-05-22
958,1009,2011-03-22
959,276,2016-01-03
959,390,2017-06-18
960,596,2011-08-01
960,1107,2017-05-12
962,39,2020-11-10
963,122,2014-01-07
963,623,2016-09-21
963,640,2019-08-16
963,644,2010-06-24
963,801,2014-08-15
963,908,2020-07-19
963,1057,2019-09-12
964,152,2012-09-17
964,762,2019-12-13
964,855,2012-12-14
964,862,2017-12-31
964,1048,2012-03-03
964,1135,2012-03-06
965,30,2012-08-06
965,41,2014-12-15
965,101,2011-02-08
965,179,2010-06-06
965,196,2011-12-05
965,775,2011-03-05
965,904,2015-12-19
965,962,2011-08-31
965,1077,2012-06-20
966,828,2019-06-03
967,4,2017-03-07
967,82,2015-07-08
967,971,2010-09-09
968,294,2019-09-29
968,328,2011-09-07
968,413,2016-10-01
968,523,2020-01-02
968,724,2015-10-11
968,1067,2020-11-08
968,1123,2015-12-12
969,400,2011-04-23
969,717,2013-06-21
969,1057,2018-10-15
970,52,2010-10-13
970,514,2013-10-25
970,951,2011-01-06
971,545,2018-03-06
971,592,2011-09-30
971,610,2014-04-22
972,52,2016-02-26
972,337,2017-11-08
972,342,2017-06-18
972,397,2011-07-25
972,538,2013-06-09
972,585,2014-05-20
972,829,2018-08-31
972,1129,2020-09-13
973,218,2014-06-15
973,949,2016-12-01
974,291,2010-05-28
974,575,2013-01-28
975,465,2012-10-04
975,623,2017-09-05
975,946,2013-04-14
975,1130,2012-05-07
976,36,2013-01-28
976,409,2010-05-23
976,509,2014-01-02
976,516,2017-03-07
976,748,2015-12-21
976,1198,2017-03-30
977,482,2012-03-10
977,564,2020-01-12
978,221,2014-08-30
978,319,2020-12-30
978,876,2011-05-05
978,883,2020-09-16
978,1080,2013-09-29
978,1092,2012-12-26
979,354,2017-09-05
979,748,2013-03-18
979,812,2012-09-10
979,1076,2020-05-31
979,1106,2017-05-20
980,126,2018-02-20
980,485,2012-01-27
980,855,2011-05-05
980,1031,2014-05-09
982,479,2013-10-20
983,1112,2017-11-04
984,32,2012-12-10
984,474,2012-08-24
984,886,2010-07-02
984,1084,2010-11-15
985,456,2014-05-04
985,596,2019-04-25
986,684,2013-01-03
987,718,2014-03-03
987,907,2011-12-25
987,968,2017-07-12
988,159,2019-12-01
988,788,2015-08-24
988,905,2010-04-11
988,1007,2010-06-17
988,1019,2016-01-27
989,3,2020-02-11
989,314,2020-03-21
990,459,2016-02-08
990,918,2016-03-07
990,1026,2015-08-12
991,3,2010-04-07
991,157,2011-07-05
991,418,2017-11-21
991,1039,2015-07-01
992,470,2011-02-06
993,370,2019-11-10
993,971,2017-02-03
993,1122,2017-05-15
993,1158,2017-02-14
994,539,2014-10-04
995,862,2013-03-16
995,1179,2016-10-08
996,929,2012-02-15
996,962,2014-01-13
996,1094,2019-10-09
997,83,2017-06-25
997,246,2019-03-06
997,1077,2012-09-13
998,75,2016-09-01
998,730,2012-09-03
998,1144,2017-02-05
1000,48,2020-12-14
1000,194,2010-12-28
1000,527,2015-11-24
1001,412,2010-03-16
1001,763,2013-11-28
1002,113,2011-10-14
1002,185,2019-02-15
1002,929,2017-07-06
1002,973,2011-03-01
1003,98,2019-03-21
1003,140,2016-06-22
1003,889,2015-06-19
1004,1024,2018-12-18
1005,11,2017-08-20
1005,37,2012-04-06
1005,110,2016-10-25
1005,579,2019-08-31
1006,271,2013-06-03
1006,375,2017-11-01
1006,551,2011-05-12
1006,893,2012-09-09
1007,14,2014-01-21
1007,592,2012-02-24
1007,680,2018-07-05
1008,30,2011-01-17
1008,55,2015-01-11
1008,480,2011-10-21
1008,492,2011-01-17
1008,575,2020-07-31
1008,849,2016-10-13
1009,134,2017-10-01
1009,613,2011-07-05
1010,138,2016-11-15
1010,546,2011-06-27
1010,631,2012-12-06
1010,999,2016-07-23
1010,1140,2016-02-22
1010,1164,2010-09-28
1011,1069,2020-02-21
1012,247,2020-06-22
1012,814,2017-12-23
1012,984,2011-05-05
1012,1197,2018-09-19
1013,213,2014-06-14
1014,260,2013-12-27
1014,642,2019-08-02
1015,169,2018-12-20
1015,306,2010-06-18
1015,443,2016-11-09
1015,558,2013-08-23
1015,579,2011-04-16
1016,467,2010-07-08
1016,1059,2013-03-17
1017,246,2020-09-16
1017,369,2017-09-12
1017,450,2015-07-15
1017,1103,2018-12-14
1017,1198,2010-08-13
1018,628,2014-09-09
1018,1180,2014-09-25
1019,172,2013-12-27
1019,302,2016-07-10
1019,678,2010-02-03
1019,972,2015-08-31
1020,10,2017-05-03
1020,575,2019-04-26
1020,932,2019-01-30
1021,678,2018-11-02
1021,878,2012-07-30
1022,914,2012-12-06
1022,1033,2019-08-30
1022,1193,2020-03-26
1023,346,2010-05-06
1023,831,2018-11-14
1024,56,2014-07-10
1024,84,2014-07-08
1024,131,2015-07-01
1024,136,2013-12-20
1024,353,2016-11-07
1024,985,2013-10-07
1024,1010,2011-04-12
1025,795,2015-10-16
1026,782,2012-03-27
1026,936,2018-03-16
1026,984,2020-08-21
1026,1179,2014-05-18
1027,270,2020-08-12
1027,398,2014-05-04
1027,1032,2014-06-15
1028,1068,2020-01-03
1029,37,2014-02-21
1029,67,2010-04-23
1029,102,2014-03-17
1029,588,2015-06-13
1029,640,2013-11-04
1029,648,2016-06-20
1029,1136,2014-10-28
1030,221,2014-04-10
1030,600,2013-05-05
1030,1107,2011-05-18
1030,1187,2015-07-28
1031,1140,2016-08-21
1032,93,2012-03-01
1032,510,2010-08-21
1032,599,2017-01-23
1032,977,2020-01-28
1033,147,2011-05-01
1033,511,2016-02-08
1033,898,2018-02-28
1033,963,2012-01-26
1034,539,2019-02-16
1034,911,2014-06-15
1035,453,2013-06-11
1035,529,2018-06-14
1035,979,2020-11-28
1036,248,2014-03-01
1036,350,2012-05-12
1036,461,2014-08-17
1036,581,2010-10-01
1036,1160,2014-06-17
1036,1168,2020-04-12
1037,1011,2013-01-02
1038,734,2020-02-11
1038,735,2014-07-10
1038,904,2015-01-29
1038,1130,2013-09-30
1039,138,2017-01-07
1039,531,2015-04-17
1039,634,2012-03-24
1039,636,2015-03-02
1039,744,2014-03-15
1039,927,2019-03-10
1040,263,2012-06-06
1040,438,2011-06-17
1040,644,2017-12-03
1040,694,2011-03-13
1040,965,2014-03-26
1040,1055,2014-05-25
1041,699,2015-11-26
1041,755,2020-01-24
1042,1015,2011-07-10
1043,377,2016-06-27
1043,915,2015-08-02
1044,124,2012-07-18
1044,284,2015-07-22
1044,339,2011-08-29
1044,659,2014-10-25
1044,696,2019-11-25
1044,872,2012-08-30
1045,1133,2017-02-28
1046,315,2019-07-31
1046,322,2014-07-21
1046,392,2013-09-13
1046,640,2013-08-24
1046,996,2017-08-17
1047,296,2019-10-12
1047,952,2010-12-06
1048,728,2014-09-23
1048,931,2010-03-23
1049,95,2018-10-18
1049,212,2010-10-03
1049,396,2012-09-04
1049,595,2013-09-17
1049,832,2014-09-17
1050,1036,2010-07-07
1051,205,2015-02-19
1051,616,2011-01-19
1051,652,2010-08-26
1051,752,2012-02-20
1051,952,2011-12-30
1052,58,2018-02-03
1052,534,2010-04-05
1052,841,2011-09-24
1053,633,2015-11-07
1053,1048,2020-05-29
1054,139,2011-02-16
1054,590,2019-10-31
1054,671,2012-08-18
1054,902,2010-10-20
1055,892,2020-04-27
1056,30,2016-07-08
1056,1099,2010-02-21
1057,571,2017-09-24
1058,85,2018-09-11
1058,484,2011-10-16
1058,670,2016-01-28
1058,1108,2015-04-09
1058,1134,2013-01-21
1061,230,2014-05-25
1061,615,2011-08-24
1061,638,2014-12-19
1061,944,2020-03-20
1061,1179,2013-04-07
1062,451,2012-11-16
1063,203,2010-12-26
1063,411,2015-02-25
1064,83,2019-09-23
1064,316,2019-11-02
1064,404,2013-12-01
1064,495,2011-05-27
1065,344,2016-07-24
1065,1026,2010-05-12
1065,1027,2018-04-21
1065,1172,2017-08-09
1066,809,2020-10-16
1066,916,2015-03-05
1066,1172,2010-09-26
1067,93,2010-06-25
1067,565,2019-08-19
1067,838,2016-10-29
1067,891,2016-02-08
1067,1158,2020-03-01
1068,528,2016-11-05
1068,914,2018-04-14
1069,150,2011-04-05
1069,159,2012-11-19
1069,199,2014-12-31
1069,440,2014-01-08
1069,661,2017-04-21
1069,801,2013-11-21
1069,846,2011-09-18
1069,1178,2015-10-20
1069,1186,2020-09-08
1070,17,2015-03-07
1070,384,2015-05-05
1070,392,2014-09-21
1070,976,2012-04-02
1071,166,2010-05-20
1071,186,2014-06-07
1071,1025,2016-10-20
1072,703,2018-12-16
1072,945,2018-04-07
1073,324,2015-11-28
1073,715,2013-02-12
1073,1047,2018-03-29
1074,265,2011-01-10
1074,772,2014-09-03
1074,974,2020-05-25
1075,319,2014-12-25
1076,170,2016-05-11
1076,501,2020-05-23
1076,641,2014-01-01
1076,782,2015-10-07
1076,810,2019-07-21
1076,832,2017-02-25
1076,884,2019-06-07
1076,1034,2017-02-04
1077,1056,2019-02-17
1078,134,2012-07-10
1079,519,2020-09-28
1079,1150,2011-10-21
1080,401,2010-07-04
1080,947,2014-03-29
1081,5,2013-09-06
1081,147,2017-12-06
1081,985,2014-02-24
1082,36,2015-08-12
1082,476,2012-08-19
1082,547,2010-06-28
1082,571,2019-02-14
1082,1099,2017-11-04
1083,342,2016-03-21
1083,976,2015-04-06
1085,22,2018-01-12
1085,122,2012-07-01
1085,174,2013-01-30
1085,526,2010-12-19
1085,829,2017-11-02
1085,948,2010-05-23
1085,987,2010-04-08
1086,328,2012-12-13
1087,397,2013-02-12
1087,543,2015-09-22
1087,569,2010-08-10
1087,692,2013-10-06
1088,88,2011-03-31
1088,229,2014-07-02
1088,522,2020-05-28
1088,628,2010-08-30
1089,158,2010-11-20
1090,144,2016-01-04
1090,315,2010-04-16
1090,325,2013-08-02
1090,369,2012-01-08
1090,555,2019-01-11
1090,736,2016-08-25
1091,97,2020-04-01
1091,161,2017-07-16
1091,488,2011-12-30
1091,546,2010-10-01
1092,55,2012-01-27
1092,99,2015-06-04
1092,442,2014-04-05
1092,742,2015-08-29
1092,1017,2013-12-23
1093,358,2014-05-03
1093,437,2020-11-11
1093,776,2015-05-23
1093,1062,2016-04-24
1094,779,2017-09-11
1094,1051,2017-01-29
1095,79,2018-08-17
1095,152,2020-05-28
1095,155,2012-01-20
1095,677,2018-06-17
1096,420,2016-12-13
1097,396,2019-12-28
1097,1062,2020-06-09
1098,789,2016-07-04
1099,30,2013-01-09
1099,279,2011-04-12
1099,358,2010-03-02
1099,728,2012-08-10
1099,809,2018-01-01
1099,1113,2012-07-10
1100,605,2017-06-30
1101,1115,2010-11-02
1102,440,2016-05-02
1102,918,2012-03-19
1103,107,2012-10-15
1103,289,2010-08-06
1103,382,2010-09-06
1103,518,2017-12-03
1103,602,2014-04-25
1104,481,2020-05-12
1104,535,2012-05-28
1104,544,2010-08-26
1105,42,2018-10-25
1105,93,2019-09-14
1105,252,2012-01-19
1105,339,2016-03-17
1105,400,2011-03-18
1105,485,2013-01-31
1105,1042,2012-03-21
1106,32,2019-02-15
1106,49,2012-07-31
1106,625,2010-11-14
1106,788,2015-04-20
1106,934,2014-07-16
1107,65,2010-02-05
1107,296,2015-12-19
1107,1100,2016-05-15
1107,1106,2013-05-20
1108,280,2016-05-05
1108,464,2016-07-18
1108,1024,2017-08-08
1108,1168,2010-07-04
1109,606,2020-04-21
1109,1084,2010-04-23
1110,75,2018-11-27
1110,151,2017-09-12
1112,101,2010-10-31
1112,333,2018-07-22
1112,515,2016-02-11
1113,151,2017-06-15
1113,298,2010-06-22
1113,649,2020-12-03
1114,681,2017-06-25
1115,119,2015-11-27
1115,337,2010-07-13
1115,544,2017-11-18
1116,25,2017-03-11
1116,125,2016-02-24
1116,829,2010-04-06
1116,1087,2015-04-12
1117,75,2010-09-13
1117,694,2017-09-19
1117,894,2018-07-13
1117,1028,2012-03-26
1118,101,2019-10-04
1118,235,2018-02-24
1118,653,2017-10-20
1118,931,2014-10-10
1118,1079,2012-05-02
1118,1170,2014-01-06
1119,194,2018-02-13
1119,311,2017-03-16
1120,313,2019-10-24
1120,1006,2010-08-01
1121,446,2018-10-17
1121,520,2013-02-17
1121,590,2010-01-17
1121,1059,2020-02-21
1122,457,2015-01-22
1122,522,2011-11-20
1122,822,2018-09-01
1122,866,2015-08-10
1123,316,2014-08-28
1123,590,2018-12-28
1123,822,2012-12-02
1123,1163,2018-08-20
1124,635,2012-08-09
1124,833,2016-10-15
1125,261,2012-03-27
1125,412,2012-04-05
1125,510,2012-07-01
1125,787,2013-03-24
1125,814,2019-02-05
1125,979,2014-01-03
1126,762,2017-04-14
1126,787,2014-07-31
1127,85,2019-08-14
1127,400,2014-10-05
1127,492,2017-11-01
1127,712,2019-01-17
1127,1132,2014-07-04
1128,29,2017-08-07
1128,138,2016-06-14
1128,188,2019-06-02
1128,693,2015-12-11
1128,831,2014-12-26
1128,1157,2015-11-02
1129,123,2014-03-20
1129,1055,2020-07-05
1130,125,2018-11-08
1130,130,2020-03-28
1130,589,2017-02-18
1130,723,2019-08-04
1130,825,2010-05-01
1131,14,2019-11-16
1131,149,2016-09-06
1131,205,2011-06-22
1131,234,2018-02-02
1131,891,2011-08-27
1131,1166,2011-04-02
1132,67,2013-07-25
1132,82,2010-02-12
1132,524,2010-03-25
1132,700,2019-06-21
1133,497,2016-05-30
1133,672,2014-04-10
1134,14,2015-06-12
1134,95,2019-03-22
1134,180,2011-03-01
1134,962,2020-03-03
1135,52,2018-03-19
1135,676,2010-07-01
1135,1027,2015-06-16
1135,1110,2017-02-24
1136,6,2013-02-10
1136,344,2018-06-03
1136,621,2018-06-11
1136,795,2016-04-27
1136,1155,2020-02-25
1137,47,2015-07-08
1137,932,2015-08-15
1138,574,2015-01-22
1138,846,2016-10-20
1139,276,2010-10-02
1139,295,2018-04-25
1139,588,2015-09-25
1139,882,2013-06-25
1139,913,2011-04-15
1140,29,2014-06-28
1140,56,2019-11-15
1140,708,2010-07-05
1140,1097,2011-10-31
1142,133,2012-03-01
1142,247,2016-09-23
1142,422,2018-12-13
1142,787,2016-12-04
1142,931,2018-01-15
1143,119,2016-09-01
1143,482,2018-10-18
1144,288,2011-08-08
1144,806,2018-10-14
1144,996,2019-06-22
1145,401,2016-04-27
1145,1046,2018-01-07
1145,1108,2016-07-17
1145,1112,2010-06-19
1145,1162,2012-12-11
1146,16,2017-01-16
1146,52,2019-11-26
1146,298,2011-02-04
1146,590,2016-06-07
1146,948,2016-03-02
1146,1047,2016-04-30
1147,753,2020-02-23
1147,1002,2012-11-15
1147,1061,2011-01-06
1149,1082,2011-06-29
1150,234,2016-02-23
1150,240,2018-10-10
1150,246,2019-10-23
1150,260,2016-02-08
1150,348,2010-01-16
1151,276,2010-01-04
1151,710,2019-04-15
1152,274,2011-09-30
1152,385,2010-09-04
1152,750,2014-09-01
1153,284,2017-10-21
1154,4,2016-02-24
1154,139,2016-02-11
1154,260,2018-05-17
1154,710,2010-12-17
1154,1074,2010-05-11
1154,1077,2012-03-09
1155,310,2012-12-19
1155,334,2011-01-03
1155,978,2015-06-14
1156,423,2011-01-12
1156,515,2018-12-22
1156,785,2011-06-21
1156,908,2014-03-13
1157,908,2010-04-12
1158,553,2013-04-10
1158,700,2014-05-11
1158,713,2019-10-15
1158,725,2019-04-24
1158,916,2020-07-06
1158,999,2014-07-04
1159,357,2012-01-08
1159,420,2019-02-13
1159,445,2020-09-01
1159,630,2018-01-04
1159,966,2011-05-10
1159,969,2019-11-20
1159,1007,2017-07-27
1159,1163,2016-10-20
1160,593,2016-05-31
1161,304,2015-01-12
1161,535,2020-04-10
1161,925,2018-10-20
1162,3,2013-01-04
1162,351,2013-05-20
1162,433,2016-12-14
1163,533,2015-06-27
1163,632,2015-04-13
1164,1134,2012-03-30
1165,535,2018-09-24
1166,19,2010-05-26
1166,129,2010-03-17
1166,468,2011-04-17
1166,604,2011-04-28
1166,662,2016-12-04
1166,809,2012-05-21
1167,241,2018-11-17
1167,360,2013-03-15
1167,740,2011-04-10
1168,926,2010-03-10
1169,148,2016-01-18
1169,1157,2018-06-19
1170,99,2020-03-19
1170,143,2019-02-18
1170,181,2018-09-20
1170,427,2014-07-06
1170,1063,2014-03-21
1171,174,2018-04-03
1171,224,2015-03-16
1171,356,2019-05-29
1171,725,2020-03-02
1171,779,2019-12-16
1172,3,2019-02-02
1172,422,2015-11-16
1172,426,2012-03-14
1172,508,2012-09-24
1172,845,2015-08-08
1173,23,2013-09-22
1174,1023,2012-01-28
1175,119,2011-07-13
1175,242,2020-11-02
1175,462,2019-03-31
1175,549,2017-02-09
1175,717,2017-11-04
1175,883,2011-11-11
1175,1007,2015-10-19
1176,95,2014-05-05
1176,172,2017-12-25
1176,879,2018-09-30
1176,943,2016-11-06
1176,1007,2011-05-07
1177,438,2013-07-30
1177,626,2013-06-25
1177,795,2014-10-15
1178,21,2014-10-07
1178,70,2020-07-05
1178,200,2011-01-05
1178,474,2011-08-25
1178,606,2018-10-27
1178,910,2016-12-14
1179,326,2018-12-03
1179,375,2017-12-12
1179,390,2015-03-08
1179,819,2011-03-23
1179,889,2020-06-01
1179,925,2011-04-06
1179,1090,2020-10-15
1179,1167,2020-02-02
1180,654,2011-06-05
1180,1046,2019-11-25
1181,370,2020-08-21
1181,549,2019-03-18
1181,587,2011-11-02
1182,166,2020-06-23
1182,488,2018-09-20
1182,719,2014-08-17
1182,817,2014-01-12
1183,126,2017-02-08
1183,268,2020-10-19
1183,723,2020-03-21
1183,908,2011-09-05
1184,202,2016-06-01
1184,223,2018-04-16
1184,240,2016-06-03
1184,353,2018-02-28
1184,381,2020-10-21
1184,706,2016-12-11
1185,130,2011-12-30
1185,222,2012-06-02
1185,256,2015-03-24
1185,401,2018-09-28
1185,1077,2013-11-18
1186,707,2011-02-10
1186,832,2013-11-22
1187,321,2011-10-20
1187,528,2011-07-20
1187,827,2011-05-16
1187,1151,2017-01-04
1188,40,2010-11-30
1189,659,2014-06-29
1190,160,2018-12-25
1190,382,2011-08-15
1190,480,2020-08-04
1190,739,2012-07-19
1190,795,2020-12-05
1190,939,2012-12-22
1191,74,2018-11-27
1191,332,2020-04-25
1191,449,2018-05-23
1191,791,2013-09-22
1191,1011,2020-08-12
1192,1045,2012-01-19
1193,194,2014-11-12
1193,362,2017-11-23
1193,1123,2012-07-29
1195,58,2019-03-30
1195,1027,2015-06-08
1195,1036,2019-03-04
1196,73,2011-12-14
1196,307,2012-05-25
1196,413,2013-12-12
1196,510,2015-10-05
1196,666,2013-11-06
1196,689,2012-01-07
1196,864,2016-11-25
1196,1080,2013-01-12
1197,123,2020-06-03
1197,442,2016-09-15
1197,688,2015-07-30
1197,828,2017-04-03
1197,1198,2017-12-24
1198,169,2013-06-18
1198,456,2010-06-07
1198,723,2016-12-28
1198,1033,2013-06-30
1199,395,2010-12-10
1199,406,2012-01-06
1199,672,2015-04-20
1199,1180,2019-07-27
1200,67,2011-08-20
1200,318,2011-03-24
1200,1099,2013-04-26
